group_id	reason	details	row_ids	endpoint	provenance_json
AMBER_distance_restraints_2:15	same_heavy_parent_atom	Every expanded nucleus pair maps to the same heavy atom, which Boltz cannot use as an atom-contact pair.	16		{}
AMBER_distance_restraints_2:34	same_heavy_parent_atom	Every expanded nucleus pair maps to the same heavy atom, which Boltz cannot use as an atom-contact pair.	40		{}
AMBER_distance_restraints_2:67	same_heavy_parent_atom	Every expanded nucleus pair maps to the same heavy atom, which Boltz cannot use as an atom-contact pair.	77		{}
AMBER_distance_restraints_2:112	unresolved_atom_topology	"Unable to resolve DNR:H4'. Available mapped hydrogens include: ""H1'"", ""H2'"", ""H2''"", ""H3'"", ""H4'"", ""H5'"", ""H5''"", ""HO3'"", H41, H42, H5, H6, HN3, HOP2, HOP3."	132	A:4:DT:H1' -- A:5:DNR:H4'	{}
AMBER_distance_restraints_2:115	same_heavy_parent_atom	Every expanded nucleus pair maps to the same heavy atom, which Boltz cannot use as an atom-contact pair.	135		{}
AMBER_distance_restraints_2:149	unresolved_atom_topology	"Unable to resolve DNR:H1'. Available mapped hydrogens include: ""H1'"", ""H2'"", ""H2''"", ""H3'"", ""H4'"", ""H5'"", ""H5''"", ""HO3'"", H41, H42, H5, H6, HN3, HOP2, HOP3."	175	A:5:DNR:H1' -- A:6:DA:H5'	{}
AMBER_distance_restraints_2:149	unresolved_atom_topology	"Unable to resolve DNR:H1'. Available mapped hydrogens include: ""H1'"", ""H2'"", ""H2''"", ""H3'"", ""H4'"", ""H5'"", ""H5''"", ""HO3'"", H41, H42, H5, H6, HN3, HOP2, HOP3."	176	A:5:DNR:H1' -- A:6:DA:H5''	{}
AMBER_distance_restraints_2:150	unresolved_atom_topology	"Unable to resolve DNR:H1'. Available mapped hydrogens include: ""H1'"", ""H2'"", ""H2''"", ""H3'"", ""H4'"", ""H5'"", ""H5''"", ""HO3'"", H41, H42, H5, H6, HN3, HOP2, HOP3."	177	A:5:DNR:H1' -- A:15:DC:H4'	{}
AMBER_distance_restraints_2:151	unresolved_atom_topology	"Unable to resolve DNR:H2'. Available mapped hydrogens include: ""H1'"", ""H2'"", ""H2''"", ""H3'"", ""H4'"", ""H5'"", ""H5''"", ""HO3'"", H41, H42, H5, H6, HN3, HOP2, HOP3."	178	A:5:DNR:H2' -- A:5:DNR:H1'	{}
AMBER_distance_restraints_2:152	unresolved_atom_topology	"Unable to resolve DNR:H2'. Available mapped hydrogens include: ""H1'"", ""H2'"", ""H2''"", ""H3'"", ""H4'"", ""H5'"", ""H5''"", ""HO3'"", H41, H42, H5, H6, HN3, HOP2, HOP3."	179	A:5:DNR:H2' -- A:5:DNR:H4'	{}
AMBER_distance_restraints_2:153	unresolved_atom_topology	"Unable to resolve DNR:H2'. Available mapped hydrogens include: ""H1'"", ""H2'"", ""H2''"", ""H3'"", ""H4'"", ""H5'"", ""H5''"", ""HO3'"", H41, H42, H5, H6, HN3, HOP2, HOP3."	180	A:5:DNR:H2' -- A:5:DNR:H5	{}
AMBER_distance_restraints_2:154	unresolved_atom_topology	"Unable to resolve DNR:H2'. Available mapped hydrogens include: ""H1'"", ""H2'"", ""H2''"", ""H3'"", ""H4'"", ""H5'"", ""H5''"", ""HO3'"", H41, H42, H5, H6, HN3, HOP2, HOP3."	181	A:5:DNR:H2' -- A:5:DNR:H5'	{}
AMBER_distance_restraints_2:154	unresolved_atom_topology	"Unable to resolve DNR:H2'. Available mapped hydrogens include: ""H1'"", ""H2'"", ""H2''"", ""H3'"", ""H4'"", ""H5'"", ""H5''"", ""HO3'"", H41, H42, H5, H6, HN3, HOP2, HOP3."	182	A:5:DNR:H2' -- A:5:DNR:H5''	{}
AMBER_distance_restraints_2:155	unresolved_atom_topology	"Unable to resolve DNR:H2'. Available mapped hydrogens include: ""H1'"", ""H2'"", ""H2''"", ""H3'"", ""H4'"", ""H5'"", ""H5''"", ""HO3'"", H41, H42, H5, H6, HN3, HOP2, HOP3."	183	A:5:DNR:H2' -- A:5:DNR:H6	{}
AMBER_distance_restraints_2:156	unresolved_atom_topology	"Unable to resolve DNR:H2'. Available mapped hydrogens include: ""H1'"", ""H2'"", ""H2''"", ""H3'"", ""H4'"", ""H5'"", ""H5''"", ""HO3'"", H41, H42, H5, H6, HN3, HOP2, HOP3."	184	A:5:DNR:H2' -- A:6:DA:H8	{}
AMBER_distance_restraints_2:157	unresolved_atom_topology	"Unable to resolve DNR:H2''. Available mapped hydrogens include: ""H1'"", ""H2'"", ""H2''"", ""H3'"", ""H4'"", ""H5'"", ""H5''"", ""HO3'"", H41, H42, H5, H6, HN3, HOP2, HOP3."	185	A:5:DNR:H2'' -- A:5:DNR:H1'	{}
AMBER_distance_restraints_2:158	unresolved_atom_topology	"Unable to resolve DNR:H2''. Available mapped hydrogens include: ""H1'"", ""H2'"", ""H2''"", ""H3'"", ""H4'"", ""H5'"", ""H5''"", ""HO3'"", H41, H42, H5, H6, HN3, HOP2, HOP3."	186	A:5:DNR:H2'' -- A:5:DNR:H2'	{}
AMBER_distance_restraints_2:159	unresolved_atom_topology	"Unable to resolve DNR:H2''. Available mapped hydrogens include: ""H1'"", ""H2'"", ""H2''"", ""H3'"", ""H4'"", ""H5'"", ""H5''"", ""HO3'"", H41, H42, H5, H6, HN3, HOP2, HOP3."	187	A:5:DNR:H2'' -- A:5:DNR:H4'	{}
AMBER_distance_restraints_2:160	unresolved_atom_topology	"Unable to resolve DNR:H2''. Available mapped hydrogens include: ""H1'"", ""H2'"", ""H2''"", ""H3'"", ""H4'"", ""H5'"", ""H5''"", ""HO3'"", H41, H42, H5, H6, HN3, HOP2, HOP3."	188	A:5:DNR:H2'' -- A:5:DNR:H5	{}
AMBER_distance_restraints_2:161	unresolved_atom_topology	"Unable to resolve DNR:H2''. Available mapped hydrogens include: ""H1'"", ""H2'"", ""H2''"", ""H3'"", ""H4'"", ""H5'"", ""H5''"", ""HO3'"", H41, H42, H5, H6, HN3, HOP2, HOP3."	189	A:5:DNR:H2'' -- A:5:DNR:H5'	{}
AMBER_distance_restraints_2:161	unresolved_atom_topology	"Unable to resolve DNR:H2''. Available mapped hydrogens include: ""H1'"", ""H2'"", ""H2''"", ""H3'"", ""H4'"", ""H5'"", ""H5''"", ""HO3'"", H41, H42, H5, H6, HN3, HOP2, HOP3."	190	A:5:DNR:H2'' -- A:5:DNR:H5''	{}
AMBER_distance_restraints_2:162	unresolved_atom_topology	"Unable to resolve DNR:H2''. Available mapped hydrogens include: ""H1'"", ""H2'"", ""H2''"", ""H3'"", ""H4'"", ""H5'"", ""H5''"", ""HO3'"", H41, H42, H5, H6, HN3, HOP2, HOP3."	191	A:5:DNR:H2'' -- A:5:DNR:H6	{}
AMBER_distance_restraints_2:163	unresolved_atom_topology	"Unable to resolve DNR:H2''. Available mapped hydrogens include: ""H1'"", ""H2'"", ""H2''"", ""H3'"", ""H4'"", ""H5'"", ""H5''"", ""HO3'"", H41, H42, H5, H6, HN3, HOP2, HOP3."	192	A:5:DNR:H2'' -- A:6:DA:H8	{}
AMBER_distance_restraints_2:164	unresolved_atom_topology	"Unable to resolve DNR:H3'. Available mapped hydrogens include: ""H1'"", ""H2'"", ""H2''"", ""H3'"", ""H4'"", ""H5'"", ""H5''"", ""HO3'"", H41, H42, H5, H6, HN3, HOP2, HOP3."	193	A:5:DNR:H3' -- A:5:DNR:H1'	{}
AMBER_distance_restraints_2:165	unresolved_atom_topology	"Unable to resolve DNR:H3'. Available mapped hydrogens include: ""H1'"", ""H2'"", ""H2''"", ""H3'"", ""H4'"", ""H5'"", ""H5''"", ""HO3'"", H41, H42, H5, H6, HN3, HOP2, HOP3."	194	A:5:DNR:H3' -- A:5:DNR:H2'	{}
AMBER_distance_restraints_2:166	unresolved_atom_topology	"Unable to resolve DNR:H3'. Available mapped hydrogens include: ""H1'"", ""H2'"", ""H2''"", ""H3'"", ""H4'"", ""H5'"", ""H5''"", ""HO3'"", H41, H42, H5, H6, HN3, HOP2, HOP3."	195	A:5:DNR:H3' -- A:5:DNR:H2''	{}
AMBER_distance_restraints_2:167	unresolved_atom_topology	"Unable to resolve DNR:H3'. Available mapped hydrogens include: ""H1'"", ""H2'"", ""H2''"", ""H3'"", ""H4'"", ""H5'"", ""H5''"", ""HO3'"", H41, H42, H5, H6, HN3, HOP2, HOP3."	196	A:5:DNR:H3' -- A:5:DNR:H4'	{}
AMBER_distance_restraints_2:168	unresolved_atom_topology	"Unable to resolve DNR:H3'. Available mapped hydrogens include: ""H1'"", ""H2'"", ""H2''"", ""H3'"", ""H4'"", ""H5'"", ""H5''"", ""HO3'"", H41, H42, H5, H6, HN3, HOP2, HOP3."	197	A:5:DNR:H3' -- A:5:DNR:H5	{}
AMBER_distance_restraints_2:169	unresolved_atom_topology	"Unable to resolve DNR:H3'. Available mapped hydrogens include: ""H1'"", ""H2'"", ""H2''"", ""H3'"", ""H4'"", ""H5'"", ""H5''"", ""HO3'"", H41, H42, H5, H6, HN3, HOP2, HOP3."	198	A:5:DNR:H3' -- A:5:DNR:H5'	{}
AMBER_distance_restraints_2:169	unresolved_atom_topology	"Unable to resolve DNR:H3'. Available mapped hydrogens include: ""H1'"", ""H2'"", ""H2''"", ""H3'"", ""H4'"", ""H5'"", ""H5''"", ""HO3'"", H41, H42, H5, H6, HN3, HOP2, HOP3."	199	A:5:DNR:H3' -- A:5:DNR:H5''	{}
AMBER_distance_restraints_2:170	unresolved_atom_topology	"Unable to resolve DNR:H3'. Available mapped hydrogens include: ""H1'"", ""H2'"", ""H2''"", ""H3'"", ""H4'"", ""H5'"", ""H5''"", ""HO3'"", H41, H42, H5, H6, HN3, HOP2, HOP3."	200	A:5:DNR:H3' -- A:5:DNR:H6	{}
AMBER_distance_restraints_2:171	unresolved_atom_topology	"Unable to resolve DNR:H3'. Available mapped hydrogens include: ""H1'"", ""H2'"", ""H2''"", ""H3'"", ""H4'"", ""H5'"", ""H5''"", ""HO3'"", H41, H42, H5, H6, HN3, HOP2, HOP3."	201	A:5:DNR:H3' -- A:6:DA:H8	{}
AMBER_distance_restraints_2:172	unresolved_atom_topology	"Unable to resolve DNR:H3'. Available mapped hydrogens include: ""H1'"", ""H2'"", ""H2''"", ""H3'"", ""H4'"", ""H5'"", ""H5''"", ""HO3'"", H41, H42, H5, H6, HN3, HOP2, HOP3."	202	A:5:DNR:H3' -- A:15:DC:H1'	{}
AMBER_distance_restraints_2:173	unresolved_atom_topology	"Unable to resolve DNR:H4'. Available mapped hydrogens include: ""H1'"", ""H2'"", ""H2''"", ""H3'"", ""H4'"", ""H5'"", ""H5''"", ""HO3'"", H41, H42, H5, H6, HN3, HOP2, HOP3."	203	A:5:DNR:H4' -- A:5:DNR:H1'	{}
AMBER_distance_restraints_2:177	unresolved_atom_topology	"Unable to resolve DNR:H5'. Available mapped hydrogens include: ""H1'"", ""H2'"", ""H2''"", ""H3'"", ""H4'"", ""H5'"", ""H5''"", ""HO3'"", H41, H42, H5, H6, HN3, HOP2, HOP3."	210	A:5:DNR:H5' -- A:5:DNR:H4'	{}
AMBER_distance_restraints_2:177	unresolved_atom_topology	"Unable to resolve DNR:H5''. Available mapped hydrogens include: ""H1'"", ""H2'"", ""H2''"", ""H3'"", ""H4'"", ""H5'"", ""H5''"", ""HO3'"", H41, H42, H5, H6, HN3, HOP2, HOP3."	211	A:5:DNR:H5'' -- A:5:DNR:H4'	{}
AMBER_distance_restraints_2:178	unresolved_atom_topology	"Unable to resolve DNR:H5'. Available mapped hydrogens include: ""H1'"", ""H2'"", ""H2''"", ""H3'"", ""H4'"", ""H5'"", ""H5''"", ""HO3'"", H41, H42, H5, H6, HN3, HOP2, HOP3."	212	A:5:DNR:H5' -- A:5:DNR:H6	{}
AMBER_distance_restraints_2:178	unresolved_atom_topology	"Unable to resolve DNR:H5''. Available mapped hydrogens include: ""H1'"", ""H2'"", ""H2''"", ""H3'"", ""H4'"", ""H5'"", ""H5''"", ""HO3'"", H41, H42, H5, H6, HN3, HOP2, HOP3."	213	A:5:DNR:H5'' -- A:5:DNR:H6	{}
AMBER_distance_restraints_2:179	unresolved_atom_topology	"Unable to resolve DNR:H5'. Available mapped hydrogens include: ""H1'"", ""H2'"", ""H2''"", ""H3'"", ""H4'"", ""H5'"", ""H5''"", ""HO3'"", H41, H42, H5, H6, HN3, HOP2, HOP3."	214	A:5:DNR:H5' -- A:15:DC:H1'	{}
AMBER_distance_restraints_2:179	unresolved_atom_topology	"Unable to resolve DNR:H5''. Available mapped hydrogens include: ""H1'"", ""H2'"", ""H2''"", ""H3'"", ""H4'"", ""H5'"", ""H5''"", ""HO3'"", H41, H42, H5, H6, HN3, HOP2, HOP3."	215	A:5:DNR:H5'' -- A:15:DC:H1'	{}
AMBER_distance_restraints_2:180	unresolved_atom_topology	"Unable to resolve DNR:H1'. Available mapped hydrogens include: ""H1'"", ""H2'"", ""H2''"", ""H3'"", ""H4'"", ""H5'"", ""H5''"", ""HO3'"", H41, H42, H5, H6, HN3, HOP2, HOP3."	216	A:5:DNR:H6 -- A:5:DNR:H1'	{}
AMBER_distance_restraints_2:192	same_heavy_parent_atom	Every expanded nucleus pair maps to the same heavy atom, which Boltz cannot use as an atom-contact pair.	230		{}
AMBER_distance_restraints_2:229	same_heavy_parent_atom	Every expanded nucleus pair maps to the same heavy atom, which Boltz cannot use as an atom-contact pair.	276		{}
AMBER_distance_restraints_2:288	same_heavy_parent_atom	Every expanded nucleus pair maps to the same heavy atom, which Boltz cannot use as an atom-contact pair.	342		{}
AMBER_distance_restraints_2:319	same_heavy_parent_atom	Every expanded nucleus pair maps to the same heavy atom, which Boltz cannot use as an atom-contact pair.	377		{}
AMBER_distance_restraints_2:354	same_heavy_parent_atom	Every expanded nucleus pair maps to the same heavy atom, which Boltz cannot use as an atom-contact pair.	416		{}
AMBER_distance_restraints_2:395	same_heavy_parent_atom	Every expanded nucleus pair maps to the same heavy atom, which Boltz cannot use as an atom-contact pair.	476		{}
AMBER_distance_restraints_2:433	same_heavy_parent_atom	Every expanded nucleus pair maps to the same heavy atom, which Boltz cannot use as an atom-contact pair.	519		{}
AMBER_distance_restraints_2:486	same_heavy_parent_atom	Every expanded nucleus pair maps to the same heavy atom, which Boltz cannot use as an atom-contact pair.	581		{}
AMBER_distance_restraints_2:530	unresolved_atom_topology	"Unable to resolve DNR:H1'. Available mapped hydrogens include: ""H1'"", ""H2'"", ""H2''"", ""H3'"", ""H4'"", ""H5'"", ""H5''"", ""HO3'"", H41, H42, H5, H6, HN3, HOP2, HOP3."	632	A:14:DT:H1' -- A:5:DNR:H1'	{}
AMBER_distance_restraints_2:535	unresolved_atom_topology	"Unable to resolve DNR:H1'. Available mapped hydrogens include: ""H1'"", ""H2'"", ""H2''"", ""H3'"", ""H4'"", ""H5'"", ""H5''"", ""HO3'"", H41, H42, H5, H6, HN3, HOP2, HOP3."	637	A:14:DT:H2' -- A:5:DNR:H1'	{}
AMBER_distance_restraints_2:537	same_heavy_parent_atom	Every expanded nucleus pair maps to the same heavy atom, which Boltz cannot use as an atom-contact pair.	639		{}
AMBER_distance_restraints_2:612	same_heavy_parent_atom	Every expanded nucleus pair maps to the same heavy atom, which Boltz cannot use as an atom-contact pair.	728		{}
AMBER_distance_restraints_2:631	same_heavy_parent_atom	Every expanded nucleus pair maps to the same heavy atom, which Boltz cannot use as an atom-contact pair.	756		{}
AMBER_distance_restraints_2:664	same_heavy_parent_atom	Every expanded nucleus pair maps to the same heavy atom, which Boltz cannot use as an atom-contact pair.	809		{}
AMBER_distance_restraints_2:709	unresolved_atom_topology	"Unable to resolve DNR:H4'. Available mapped hydrogens include: ""H1'"", ""H2'"", ""H2''"", ""H3'"", ""H4'"", ""H5'"", ""H5''"", ""HO3'"", H41, H42, H5, H6, HN3, HOP2, HOP3."	894	B:19:DT:H1' -- B:20:DNR:H4'	{}
AMBER_distance_restraints_2:712	same_heavy_parent_atom	Every expanded nucleus pair maps to the same heavy atom, which Boltz cannot use as an atom-contact pair.	897		{}
AMBER_distance_restraints_2:746	unresolved_atom_topology	"Unable to resolve DNR:H1'. Available mapped hydrogens include: ""H1'"", ""H2'"", ""H2''"", ""H3'"", ""H4'"", ""H5'"", ""H5''"", ""HO3'"", H41, H42, H5, H6, HN3, HOP2, HOP3."	957	B:20:DNR:H1' -- B:21:DA:H5'	{}
AMBER_distance_restraints_2:746	unresolved_atom_topology	"Unable to resolve DNR:H1'. Available mapped hydrogens include: ""H1'"", ""H2'"", ""H2''"", ""H3'"", ""H4'"", ""H5'"", ""H5''"", ""HO3'"", H41, H42, H5, H6, HN3, HOP2, HOP3."	958	B:20:DNR:H1' -- B:21:DA:H5''	{}
AMBER_distance_restraints_2:747	unresolved_atom_topology	"Unable to resolve DNR:H1'. Available mapped hydrogens include: ""H1'"", ""H2'"", ""H2''"", ""H3'"", ""H4'"", ""H5'"", ""H5''"", ""HO3'"", H41, H42, H5, H6, HN3, HOP2, HOP3."	959	B:20:DNR:H1' -- B:30:DC:H4'	{}
AMBER_distance_restraints_2:748	unresolved_atom_topology	"Unable to resolve DNR:H2'. Available mapped hydrogens include: ""H1'"", ""H2'"", ""H2''"", ""H3'"", ""H4'"", ""H5'"", ""H5''"", ""HO3'"", H41, H42, H5, H6, HN3, HOP2, HOP3."	960	B:20:DNR:H2' -- B:20:DNR:H1'	{}
AMBER_distance_restraints_2:749	unresolved_atom_topology	"Unable to resolve DNR:H2'. Available mapped hydrogens include: ""H1'"", ""H2'"", ""H2''"", ""H3'"", ""H4'"", ""H5'"", ""H5''"", ""HO3'"", H41, H42, H5, H6, HN3, HOP2, HOP3."	961	B:20:DNR:H2' -- B:20:DNR:H4'	{}
AMBER_distance_restraints_2:750	unresolved_atom_topology	"Unable to resolve DNR:H2'. Available mapped hydrogens include: ""H1'"", ""H2'"", ""H2''"", ""H3'"", ""H4'"", ""H5'"", ""H5''"", ""HO3'"", H41, H42, H5, H6, HN3, HOP2, HOP3."	962	B:20:DNR:H2' -- B:20:DNR:H5	{}
AMBER_distance_restraints_2:751	unresolved_atom_topology	"Unable to resolve DNR:H2'. Available mapped hydrogens include: ""H1'"", ""H2'"", ""H2''"", ""H3'"", ""H4'"", ""H5'"", ""H5''"", ""HO3'"", H41, H42, H5, H6, HN3, HOP2, HOP3."	963	B:20:DNR:H2' -- B:20:DNR:H5''	{}
AMBER_distance_restraints_2:751	unresolved_atom_topology	"Unable to resolve DNR:H2'. Available mapped hydrogens include: ""H1'"", ""H2'"", ""H2''"", ""H3'"", ""H4'"", ""H5'"", ""H5''"", ""HO3'"", H41, H42, H5, H6, HN3, HOP2, HOP3."	964	B:20:DNR:H2' -- B:20:DNR:H5'	{}
AMBER_distance_restraints_2:752	unresolved_atom_topology	"Unable to resolve DNR:H2'. Available mapped hydrogens include: ""H1'"", ""H2'"", ""H2''"", ""H3'"", ""H4'"", ""H5'"", ""H5''"", ""HO3'"", H41, H42, H5, H6, HN3, HOP2, HOP3."	965	B:20:DNR:H2' -- B:20:DNR:H6	{}
AMBER_distance_restraints_2:753	unresolved_atom_topology	"Unable to resolve DNR:H2'. Available mapped hydrogens include: ""H1'"", ""H2'"", ""H2''"", ""H3'"", ""H4'"", ""H5'"", ""H5''"", ""HO3'"", H41, H42, H5, H6, HN3, HOP2, HOP3."	966	B:20:DNR:H2' -- B:21:DA:H8	{}
AMBER_distance_restraints_2:754	unresolved_atom_topology	"Unable to resolve DNR:H2''. Available mapped hydrogens include: ""H1'"", ""H2'"", ""H2''"", ""H3'"", ""H4'"", ""H5'"", ""H5''"", ""HO3'"", H41, H42, H5, H6, HN3, HOP2, HOP3."	967	B:20:DNR:H2'' -- B:20:DNR:H1'	{}
AMBER_distance_restraints_2:755	unresolved_atom_topology	"Unable to resolve DNR:H2''. Available mapped hydrogens include: ""H1'"", ""H2'"", ""H2''"", ""H3'"", ""H4'"", ""H5'"", ""H5''"", ""HO3'"", H41, H42, H5, H6, HN3, HOP2, HOP3."	968	B:20:DNR:H2'' -- B:20:DNR:H2'	{}
AMBER_distance_restraints_2:756	unresolved_atom_topology	"Unable to resolve DNR:H2''. Available mapped hydrogens include: ""H1'"", ""H2'"", ""H2''"", ""H3'"", ""H4'"", ""H5'"", ""H5''"", ""HO3'"", H41, H42, H5, H6, HN3, HOP2, HOP3."	969	B:20:DNR:H2'' -- B:20:DNR:H4'	{}
AMBER_distance_restraints_2:757	unresolved_atom_topology	"Unable to resolve DNR:H2''. Available mapped hydrogens include: ""H1'"", ""H2'"", ""H2''"", ""H3'"", ""H4'"", ""H5'"", ""H5''"", ""HO3'"", H41, H42, H5, H6, HN3, HOP2, HOP3."	970	B:20:DNR:H2'' -- B:20:DNR:H5	{}
AMBER_distance_restraints_2:758	unresolved_atom_topology	"Unable to resolve DNR:H2''. Available mapped hydrogens include: ""H1'"", ""H2'"", ""H2''"", ""H3'"", ""H4'"", ""H5'"", ""H5''"", ""HO3'"", H41, H42, H5, H6, HN3, HOP2, HOP3."	971	B:20:DNR:H2'' -- B:20:DNR:H5''	{}
AMBER_distance_restraints_2:758	unresolved_atom_topology	"Unable to resolve DNR:H2''. Available mapped hydrogens include: ""H1'"", ""H2'"", ""H2''"", ""H3'"", ""H4'"", ""H5'"", ""H5''"", ""HO3'"", H41, H42, H5, H6, HN3, HOP2, HOP3."	972	B:20:DNR:H2'' -- B:20:DNR:H5'	{}
AMBER_distance_restraints_2:759	unresolved_atom_topology	"Unable to resolve DNR:H2''. Available mapped hydrogens include: ""H1'"", ""H2'"", ""H2''"", ""H3'"", ""H4'"", ""H5'"", ""H5''"", ""HO3'"", H41, H42, H5, H6, HN3, HOP2, HOP3."	973	B:20:DNR:H2'' -- B:20:DNR:H6	{}
AMBER_distance_restraints_2:760	unresolved_atom_topology	"Unable to resolve DNR:H2''. Available mapped hydrogens include: ""H1'"", ""H2'"", ""H2''"", ""H3'"", ""H4'"", ""H5'"", ""H5''"", ""HO3'"", H41, H42, H5, H6, HN3, HOP2, HOP3."	974	B:20:DNR:H2'' -- B:21:DA:H8	{}
AMBER_distance_restraints_2:761	unresolved_atom_topology	"Unable to resolve DNR:H3'. Available mapped hydrogens include: ""H1'"", ""H2'"", ""H2''"", ""H3'"", ""H4'"", ""H5'"", ""H5''"", ""HO3'"", H41, H42, H5, H6, HN3, HOP2, HOP3."	975	B:20:DNR:H3' -- B:20:DNR:H1'	{}
AMBER_distance_restraints_2:762	unresolved_atom_topology	"Unable to resolve DNR:H3'. Available mapped hydrogens include: ""H1'"", ""H2'"", ""H2''"", ""H3'"", ""H4'"", ""H5'"", ""H5''"", ""HO3'"", H41, H42, H5, H6, HN3, HOP2, HOP3."	976	B:20:DNR:H3' -- B:20:DNR:H2'	{}
AMBER_distance_restraints_2:763	unresolved_atom_topology	"Unable to resolve DNR:H3'. Available mapped hydrogens include: ""H1'"", ""H2'"", ""H2''"", ""H3'"", ""H4'"", ""H5'"", ""H5''"", ""HO3'"", H41, H42, H5, H6, HN3, HOP2, HOP3."	977	B:20:DNR:H3' -- B:20:DNR:H2''	{}
AMBER_distance_restraints_2:764	unresolved_atom_topology	"Unable to resolve DNR:H3'. Available mapped hydrogens include: ""H1'"", ""H2'"", ""H2''"", ""H3'"", ""H4'"", ""H5'"", ""H5''"", ""HO3'"", H41, H42, H5, H6, HN3, HOP2, HOP3."	978	B:20:DNR:H3' -- B:20:DNR:H4'	{}
AMBER_distance_restraints_2:765	unresolved_atom_topology	"Unable to resolve DNR:H3'. Available mapped hydrogens include: ""H1'"", ""H2'"", ""H2''"", ""H3'"", ""H4'"", ""H5'"", ""H5''"", ""HO3'"", H41, H42, H5, H6, HN3, HOP2, HOP3."	979	B:20:DNR:H3' -- B:20:DNR:H5	{}
AMBER_distance_restraints_2:766	unresolved_atom_topology	"Unable to resolve DNR:H3'. Available mapped hydrogens include: ""H1'"", ""H2'"", ""H2''"", ""H3'"", ""H4'"", ""H5'"", ""H5''"", ""HO3'"", H41, H42, H5, H6, HN3, HOP2, HOP3."	980	B:20:DNR:H3' -- B:20:DNR:H5''	{}
AMBER_distance_restraints_2:766	unresolved_atom_topology	"Unable to resolve DNR:H3'. Available mapped hydrogens include: ""H1'"", ""H2'"", ""H2''"", ""H3'"", ""H4'"", ""H5'"", ""H5''"", ""HO3'"", H41, H42, H5, H6, HN3, HOP2, HOP3."	981	B:20:DNR:H3' -- B:20:DNR:H5'	{}
AMBER_distance_restraints_2:767	unresolved_atom_topology	"Unable to resolve DNR:H3'. Available mapped hydrogens include: ""H1'"", ""H2'"", ""H2''"", ""H3'"", ""H4'"", ""H5'"", ""H5''"", ""HO3'"", H41, H42, H5, H6, HN3, HOP2, HOP3."	982	B:20:DNR:H3' -- B:20:DNR:H6	{}
AMBER_distance_restraints_2:768	unresolved_atom_topology	"Unable to resolve DNR:H3'. Available mapped hydrogens include: ""H1'"", ""H2'"", ""H2''"", ""H3'"", ""H4'"", ""H5'"", ""H5''"", ""HO3'"", H41, H42, H5, H6, HN3, HOP2, HOP3."	983	B:20:DNR:H3' -- B:21:DA:H8	{}
AMBER_distance_restraints_2:769	unresolved_atom_topology	"Unable to resolve DNR:H3'. Available mapped hydrogens include: ""H1'"", ""H2'"", ""H2''"", ""H3'"", ""H4'"", ""H5'"", ""H5''"", ""HO3'"", H41, H42, H5, H6, HN3, HOP2, HOP3."	984	B:20:DNR:H3' -- B:30:DC:H1'	{}
AMBER_distance_restraints_2:770	unresolved_atom_topology	"Unable to resolve DNR:H4'. Available mapped hydrogens include: ""H1'"", ""H2'"", ""H2''"", ""H3'"", ""H4'"", ""H5'"", ""H5''"", ""HO3'"", H41, H42, H5, H6, HN3, HOP2, HOP3."	985	B:20:DNR:H4' -- B:20:DNR:H1'	{}
AMBER_distance_restraints_2:774	unresolved_atom_topology	"Unable to resolve DNR:H5''. Available mapped hydrogens include: ""H1'"", ""H2'"", ""H2''"", ""H3'"", ""H4'"", ""H5'"", ""H5''"", ""HO3'"", H41, H42, H5, H6, HN3, HOP2, HOP3."	990	B:20:DNR:H5'' -- B:20:DNR:H4'	{}
AMBER_distance_restraints_2:774	unresolved_atom_topology	"Unable to resolve DNR:H5'. Available mapped hydrogens include: ""H1'"", ""H2'"", ""H2''"", ""H3'"", ""H4'"", ""H5'"", ""H5''"", ""HO3'"", H41, H42, H5, H6, HN3, HOP2, HOP3."	991	B:20:DNR:H5' -- B:20:DNR:H4'	{}
AMBER_distance_restraints_2:775	unresolved_atom_topology	"Unable to resolve DNR:H5''. Available mapped hydrogens include: ""H1'"", ""H2'"", ""H2''"", ""H3'"", ""H4'"", ""H5'"", ""H5''"", ""HO3'"", H41, H42, H5, H6, HN3, HOP2, HOP3."	992	B:20:DNR:H5'' -- B:20:DNR:H6	{}
AMBER_distance_restraints_2:775	unresolved_atom_topology	"Unable to resolve DNR:H5'. Available mapped hydrogens include: ""H1'"", ""H2'"", ""H2''"", ""H3'"", ""H4'"", ""H5'"", ""H5''"", ""HO3'"", H41, H42, H5, H6, HN3, HOP2, HOP3."	993	B:20:DNR:H5' -- B:20:DNR:H6	{}
AMBER_distance_restraints_2:776	unresolved_atom_topology	"Unable to resolve DNR:H5''. Available mapped hydrogens include: ""H1'"", ""H2'"", ""H2''"", ""H3'"", ""H4'"", ""H5'"", ""H5''"", ""HO3'"", H41, H42, H5, H6, HN3, HOP2, HOP3."	994	B:20:DNR:H5'' -- B:30:DC:H1'	{}
AMBER_distance_restraints_2:776	unresolved_atom_topology	"Unable to resolve DNR:H5'. Available mapped hydrogens include: ""H1'"", ""H2'"", ""H2''"", ""H3'"", ""H4'"", ""H5'"", ""H5''"", ""HO3'"", H41, H42, H5, H6, HN3, HOP2, HOP3."	995	B:20:DNR:H5' -- B:30:DC:H1'	{}
AMBER_distance_restraints_2:777	unresolved_atom_topology	"Unable to resolve DNR:H1'. Available mapped hydrogens include: ""H1'"", ""H2'"", ""H2''"", ""H3'"", ""H4'"", ""H5'"", ""H5''"", ""HO3'"", H41, H42, H5, H6, HN3, HOP2, HOP3."	996	B:20:DNR:H6 -- B:20:DNR:H1'	{}
AMBER_distance_restraints_2:789	same_heavy_parent_atom	Every expanded nucleus pair maps to the same heavy atom, which Boltz cannot use as an atom-contact pair.	1010		{}
AMBER_distance_restraints_2:826	same_heavy_parent_atom	Every expanded nucleus pair maps to the same heavy atom, which Boltz cannot use as an atom-contact pair.	1064		{}
AMBER_distance_restraints_2:885	same_heavy_parent_atom	Every expanded nucleus pair maps to the same heavy atom, which Boltz cannot use as an atom-contact pair.	1160		{}
AMBER_distance_restraints_2:916	same_heavy_parent_atom	Every expanded nucleus pair maps to the same heavy atom, which Boltz cannot use as an atom-contact pair.	1207		{}
AMBER_distance_restraints_2:951	same_heavy_parent_atom	Every expanded nucleus pair maps to the same heavy atom, which Boltz cannot use as an atom-contact pair.	1264		{}
AMBER_distance_restraints_2:992	same_heavy_parent_atom	Every expanded nucleus pair maps to the same heavy atom, which Boltz cannot use as an atom-contact pair.	1328		{}
AMBER_distance_restraints_2:1030	same_heavy_parent_atom	Every expanded nucleus pair maps to the same heavy atom, which Boltz cannot use as an atom-contact pair.	1377		{}
AMBER_distance_restraints_2:1083	same_heavy_parent_atom	Every expanded nucleus pair maps to the same heavy atom, which Boltz cannot use as an atom-contact pair.	1477		{}
AMBER_distance_restraints_2:1127	unresolved_atom_topology	"Unable to resolve DNR:H1'. Available mapped hydrogens include: ""H1'"", ""H2'"", ""H2''"", ""H3'"", ""H4'"", ""H5'"", ""H5''"", ""HO3'"", H41, H42, H5, H6, HN3, HOP2, HOP3."	1548	B:29:DT:H1' -- B:20:DNR:H1'	{}
AMBER_distance_restraints_2:1132	unresolved_atom_topology	"Unable to resolve DNR:H1'. Available mapped hydrogens include: ""H1'"", ""H2'"", ""H2''"", ""H3'"", ""H4'"", ""H5'"", ""H5''"", ""HO3'"", H41, H42, H5, H6, HN3, HOP2, HOP3."	1553	B:29:DT:H2' -- B:20:DNR:H1'	{}
AMBER_distance_restraints_2:1134	same_heavy_parent_atom	Every expanded nucleus pair maps to the same heavy atom, which Boltz cannot use as an atom-contact pair.	1555		{}
