chain_1	residue_index_1	atom_1	chain_2	residue_index_2	atom_2	max_distance_A	raw_projected_distance_A	source_groups	boltz_adjustment
A	1	C1'	A	1	C2'	5.840000	5.840000	AMBER_distance_restraints_2:6;AMBER_distance_restraints_2:13	
A	1	C1'	A	1	C4'	5.840000	5.840000	AMBER_distance_restraints_2:21	
A	1	C1'	A	1	C8	7.240000	7.240000	AMBER_distance_restraints_2:1	
A	1	C1'	A	2	C1'	7.240000	7.240000	AMBER_distance_restraints_2:2	
A	1	C1'	A	2	C2'	7.240000	7.240000	AMBER_distance_restraints_2:3	
A	1	C1'	A	2	C6	7.240000	7.240000	AMBER_distance_restraints_2:4	
A	1	C1'	A	3	C6	8.740000	8.740000	AMBER_distance_restraints_2:5	
A	1	C1'	A	3	C7	8.240000	8.240000	AMBER_distance_restraints_2:100	
A	1	C2	A	1	C2'	8.740000	8.740000	AMBER_distance_restraints_2:7;AMBER_distance_restraints_2:14	
A	1	C2	A	2	C1'	8.740000	8.740000	AMBER_distance_restraints_2:26	
A	1	C2	A	2	C2'	7.240000	7.240000	AMBER_distance_restraints_2:39	
A	1	C2	A	2	C3'	8.740000	8.740000	AMBER_distance_restraints_2:405	
A	1	C2	A	3	C1'	7.240000	7.240000	AMBER_distance_restraints_2:58	
A	1	C2	A	3	C5'	7.850001	7.850000	AMBER_distance_restraints_2:93	
A	1	C2	A	3	C6	7.240000	7.240000	AMBER_distance_restraints_2:96	
A	1	C2	A	3	C7	8.240000	8.240000	AMBER_distance_restraints_2:101	
A	1	C2	B	10	C5	8.740000	8.740000	AMBER_distance_restraints_2:969	
A	1	C2'	A	1	C4'	7.240000	7.240000	AMBER_distance_restraints_2:8;AMBER_distance_restraints_2:16	
A	1	C2'	A	1	C5'	6.280000	6.280000	AMBER_distance_restraints_2:9;AMBER_distance_restraints_2:17	
A	1	C2'	A	1	C8	7.240000	7.240000	AMBER_distance_restraints_2:10;AMBER_distance_restraints_2:18	
A	1	C2'	A	2	C1'	7.240000	7.240000	AMBER_distance_restraints_2:19	
A	1	C2'	A	2	C2'	7.240000	7.240000	AMBER_distance_restraints_2:31	
A	1	C2'	A	2	C6	7.240000	7.240000	AMBER_distance_restraints_2:11;AMBER_distance_restraints_2:20	
A	1	C2'	A	3	C6	7.240000	7.240000	AMBER_distance_restraints_2:12	
A	1	C2'	A	3	C7	8.240000	8.240000	AMBER_distance_restraints_2:102	
A	1	C4'	A	1	C5'	6.280000	6.280000	AMBER_distance_restraints_2:23	
A	1	C4'	A	1	C8	8.740000	8.740000	AMBER_distance_restraints_2:22	
A	1	C4'	A	2	C7	6.560001	6.560000	AMBER_distance_restraints_2:56	
A	1	C5'	A	1	C8	7.850001	7.850000	AMBER_distance_restraints_2:24	
A	1	C5'	A	3	C7	8.980000	8.980000	AMBER_distance_restraints_2:25	
A	1	C8	A	2	C2'	8.740000	8.740000	AMBER_distance_restraints_2:32	
A	1	C8	A	3	C6	8.740000	8.740000	AMBER_distance_restraints_2:97	
A	1	C8	A	3	C7	8.240000	8.240000	AMBER_distance_restraints_2:103	
A	1	C8	B	7	N3	8.700000	8.700000	AMBER_distance_restraints_2:837	
A	1	C8	B	9	C1'	7.240000	7.240000	AMBER_distance_restraints_2:912	
A	1	C8	B	11	N6	8.700000	8.700000	AMBER_distance_restraints_2:1013	
A	2	C1'	A	2	C2'	5.840000	5.840000	AMBER_distance_restraints_2:33;AMBER_distance_restraints_2:40	
A	2	C1'	A	2	C3'	7.240000	7.240000	AMBER_distance_restraints_2:44	
A	2	C1'	A	2	C4'	5.840000	5.840000	AMBER_distance_restraints_2:27	
A	2	C1'	A	2	C5'	7.850001	7.850000	AMBER_distance_restraints_2:28	
A	2	C1'	A	2	C6	7.240000	7.240000	AMBER_distance_restraints_2:29	
A	2	C1'	A	3	C5'	6.280000	6.280000	AMBER_distance_restraints_2:94	
A	2	C1'	A	3	C6	7.240000	7.240000	AMBER_distance_restraints_2:30	
A	2	C1'	A	3	C7	8.240000	8.240000	AMBER_distance_restraints_2:104	
A	2	C2'	A	2	C3'	5.840000	5.840000	AMBER_distance_restraints_2:45;AMBER_distance_restraints_2:46	
A	2	C2'	A	2	C4'	7.240000	7.240000	AMBER_distance_restraints_2:35;AMBER_distance_restraints_2:41	
A	2	C2'	A	2	C6	5.840000	5.840000	AMBER_distance_restraints_2:36;AMBER_distance_restraints_2:42	
A	2	C2'	A	3	C6	5.840000	5.840000	AMBER_distance_restraints_2:37;AMBER_distance_restraints_2:43	
A	2	C2'	A	3	C7	6.560001	6.560000	AMBER_distance_restraints_2:38;AMBER_distance_restraints_2:105	
A	2	C3'	A	2	C4'	5.840000	5.840000	AMBER_distance_restraints_2:47	
A	2	C3'	A	3	C6	7.240000	7.240000	AMBER_distance_restraints_2:48	
A	2	C3'	A	3	C7	6.560001	6.560000	AMBER_distance_restraints_2:49	
A	2	C4'	A	2	C5'	6.280000	6.280000	AMBER_distance_restraints_2:52	
A	2	C4'	A	2	C6	7.240000	7.240000	AMBER_distance_restraints_2:51	
A	2	C4'	A	3	C7	10.050000	10.050000	AMBER_distance_restraints_2:106	
A	2	C5'	A	2	C6	7.850001	7.850000	AMBER_distance_restraints_2:53	
A	2	C5'	A	3	C7	11.000000	11.000000	AMBER_distance_restraints_2:54	
A	2	C6	A	2	C7	6.560001	6.560000	AMBER_distance_restraints_2:57	
A	2	C6	A	3	C6	8.740000	8.740000	AMBER_distance_restraints_2:98	
A	2	C6	A	3	C7	8.240000	8.240000	AMBER_distance_restraints_2:107	
A	3	C1'	A	3	C2'	5.840000	5.840000	AMBER_distance_restraints_2:66;AMBER_distance_restraints_2:74	
A	3	C1'	A	3	C3'	7.240000	7.240000	AMBER_distance_restraints_2:86	
A	3	C1'	A	3	C4'	5.840000	5.840000	AMBER_distance_restraints_2:55;AMBER_distance_restraints_2:59	
A	3	C1'	A	3	C6	7.240000	7.240000	AMBER_distance_restraints_2:60	
A	3	C1'	A	4	C4'	8.740000	8.740000	AMBER_distance_restraints_2:61	
A	3	C1'	A	4	C5'	9.540000	9.540000	AMBER_distance_restraints_2:62	
A	3	C1'	A	4	C6	7.240000	7.240000	AMBER_distance_restraints_2:63	
A	3	C1'	A	4	C7	8.240000	8.240000	AMBER_distance_restraints_2:64;AMBER_distance_restraints_2:140	
A	3	C1'	B	11	C8	8.740000	8.740000	AMBER_distance_restraints_2:65	
A	3	C1'	B	12	C7	10.050000	10.050000	AMBER_distance_restraints_2:1068	
A	3	C2'	A	3	C3'	5.840000	5.840000	AMBER_distance_restraints_2:87	
A	3	C2'	A	3	C4'	7.240000	7.240000	AMBER_distance_restraints_2:68;AMBER_distance_restraints_2:75	
A	3	C2'	A	3	C6	7.240000	7.240000	AMBER_distance_restraints_2:69;AMBER_distance_restraints_2:76	
A	3	C2'	A	4	C4'	7.240000	7.240000	AMBER_distance_restraints_2:70;AMBER_distance_restraints_2:77	
A	3	C2'	A	4	C5'	6.280000	6.280000	AMBER_distance_restraints_2:71;AMBER_distance_restraints_2:78	
A	3	C2'	A	4	C6	5.840000	5.840000	AMBER_distance_restraints_2:72;AMBER_distance_restraints_2:79	
A	3	C2'	A	4	C7	6.560001	6.560000	AMBER_distance_restraints_2:73;AMBER_distance_restraints_2:80	
A	3	C3'	A	3	C5'	6.280000	6.280000	AMBER_distance_restraints_2:88	
A	3	C3'	A	3	C6	7.240000	7.240000	AMBER_distance_restraints_2:89	
A	3	C3'	A	3	C7	10.050000	10.050000	AMBER_distance_restraints_2:90	
A	3	C3'	A	4	C6	7.240000	7.240000	AMBER_distance_restraints_2:91	
A	3	C3'	A	4	C7	6.560001	6.560000	AMBER_distance_restraints_2:141	
A	3	C4'	A	3	C7	10.050000	10.050000	AMBER_distance_restraints_2:92	
A	3	C5'	A	3	C6	6.280000	6.280000	AMBER_distance_restraints_2:95	
A	3	C5'	A	4	C7	8.980000	8.980000	AMBER_distance_restraints_2:142	
A	3	C6	A	3	C7	6.560001	6.560000	AMBER_distance_restraints_2:108	
A	3	C6	A	4	C6	8.740000	8.740000	AMBER_distance_restraints_2:99	
A	3	C6	A	4	C7	8.240000	8.240000	AMBER_distance_restraints_2:143	
A	3	C7	B	11	N6	10.010000	10.010000	AMBER_distance_restraints_2:1014	
A	3	N3	A	4	C7	10.010000	10.010000	AMBER_distance_restraints_2:82	
A	3	N3	A	4	N3	8.660000	8.660000	AMBER_distance_restraints_2:81	
A	3	N3	B	12	C7	8.200000	8.200000	AMBER_distance_restraints_2:85	
A	3	N3	B	12	N3	8.660000	8.660000	AMBER_distance_restraints_2:84	
A	4	C1'	A	4	C2'	5.840000	5.840000	AMBER_distance_restraints_2:114;AMBER_distance_restraints_2:122	
A	4	C1'	A	4	C3'	7.240000	7.240000	AMBER_distance_restraints_2:129	
A	4	C1'	A	4	C4'	5.840000	5.840000	AMBER_distance_restraints_2:135	
A	4	C1'	A	4	C6	7.240000	7.240000	AMBER_distance_restraints_2:110	
A	4	C1'	A	4	C7	10.050000	10.050000	AMBER_distance_restraints_2:111	
A	4	C1'	A	4	N3	8.700000	8.700000	AMBER_distance_restraints_2:109	
A	4	C1'	A	15	C4'	8.740000	8.740000	AMBER_distance_restraints_2:113	
A	4	C2'	A	4	C3'	5.840000	5.840000	AMBER_distance_restraints_2:130;AMBER_distance_restraints_2:131	
A	4	C2'	A	4	C4'	7.240000	7.240000	AMBER_distance_restraints_2:116;AMBER_distance_restraints_2:124	
A	4	C2'	A	4	C6	5.840000	5.840000	AMBER_distance_restraints_2:117;AMBER_distance_restraints_2:125	
A	4	C2'	A	4	N3	8.700000	8.700000	AMBER_distance_restraints_2:123	
A	4	C2'	A	5	C5	7.240000	7.240000	AMBER_distance_restraints_2:119	
A	4	C2'	A	5	C6	7.240000	7.240000	AMBER_distance_restraints_2:120	
A	4	C2'	A	15	C1'	8.740000	8.740000	AMBER_distance_restraints_2:121	
A	4	C2'	B	5	N4	8.700000	8.700000	AMBER_distance_restraints_2:118;AMBER_distance_restraints_2:126	
A	4	C3'	A	4	C4'	5.840000	5.840000	AMBER_distance_restraints_2:132	
A	4	C3'	A	4	C5'	6.280000	6.280000	AMBER_distance_restraints_2:133	
A	4	C3'	A	4	C6	7.240000	7.240000	AMBER_distance_restraints_2:134	
A	4	C4'	A	4	C5'	6.280000	6.280000	AMBER_distance_restraints_2:137	
A	4	C4'	A	4	C6	7.240000	7.240000	AMBER_distance_restraints_2:136	
A	4	C4'	A	4	C7	10.050000	10.050000	AMBER_distance_restraints_2:144	
A	4	C5'	A	4	C6	7.850001	7.850000	AMBER_distance_restraints_2:138	
A	4	C6	A	4	C7	6.560001	6.560000	AMBER_distance_restraints_2:145	
A	4	C6	A	4	N3	8.700000	8.700000	AMBER_distance_restraints_2:139	
A	4	C6	B	5	N4	7.200000	7.200000	AMBER_distance_restraints_2:772	
A	4	C7	A	4	N3	8.200000	8.200000	AMBER_distance_restraints_2:127	
A	4	C7	B	5	C5	6.560001	6.560000	AMBER_distance_restraints_2:147	
A	4	C7	B	5	C6	8.240000	8.240000	AMBER_distance_restraints_2:148	
A	4	C7	B	5	N4	8.200000	8.200000	AMBER_distance_restraints_2:146;AMBER_distance_restraints_2:773	
A	4	C7	B	14	N3	8.200000	8.200000	AMBER_distance_restraints_2:1145	
A	4	N3	A	15	C1'	7.200000	7.200000	AMBER_distance_restraints_2:574	
A	4	N3	B	12	C6	7.200000	7.200000	AMBER_distance_restraints_2:1065	
A	4	N3	B	12	N3	8.660000	8.660000	AMBER_distance_restraints_2:1039	
A	4	N3	B	14	C6	8.700000	8.700000	AMBER_distance_restraints_2:1159	
A	4	N3	B	14	C7	8.200000	8.200000	AMBER_distance_restraints_2:128	
A	4	N3	B	14	N3	5.760000	5.760000	AMBER_distance_restraints_2:1144	
A	4	N3	B	14	O4	3.180000	3.180000	AMBER_distance_restraints_1:15	
A	4	O4	B	14	N3	3.180000	3.180000	AMBER_distance_restraints_1:16	
A	5	C5	A	5	C6	5.840000	5.840000	AMBER_distance_restraints_2:181	
A	5	C5	B	4	C7	6.560001	6.560000	AMBER_distance_restraints_2:744	
A	5	C6	A	14	N3	8.700000	8.700000	AMBER_distance_restraints_2:549	
A	5	C6	B	4	C7	8.240000	8.240000	AMBER_distance_restraints_2:745	
A	5	N3	B	15	N3	2.980000	2.980000	AMBER_distance_restraints_1:9	
A	5	N4	B	4	C2'	8.700000	8.700000	AMBER_distance_restraints_2:715;AMBER_distance_restraints_2:723	
A	5	N4	B	4	C6	7.200000	7.200000	AMBER_distance_restraints_2:175	
A	5	N4	B	4	C7	8.200000	8.200000	AMBER_distance_restraints_2:176;AMBER_distance_restraints_2:743	
A	5	N4	B	15	N4	8.660000	8.660000	AMBER_distance_restraints_2:1187	
A	5	N4	B	15	O2	2.980000	2.980000	AMBER_distance_restraints_1:10	
A	5	O2	B	15	N4	2.980000	2.980000	AMBER_distance_restraints_1:11	
A	6	C1'	A	6	C2	8.740000	8.740000	AMBER_distance_restraints_2:182	
A	6	C1'	A	6	C2'	5.840000	5.840000	AMBER_distance_restraints_2:191;AMBER_distance_restraints_2:198	
A	6	C1'	A	6	C3'	7.240000	7.240000	AMBER_distance_restraints_2:206	
A	6	C1'	A	6	C4'	7.240000	7.240000	AMBER_distance_restraints_2:183	
A	6	C1'	A	6	C5'	7.850001	7.850000	AMBER_distance_restraints_2:184;AMBER_distance_restraints_2:215	
A	6	C1'	A	6	C8	7.240000	7.240000	AMBER_distance_restraints_2:185	
A	6	C1'	A	7	C1'	7.240000	7.240000	AMBER_distance_restraints_2:220	
A	6	C1'	A	7	C3'	7.240000	7.240000	AMBER_distance_restraints_2:257	
A	6	C1'	A	7	C5'	6.280000	6.280000	AMBER_distance_restraints_2:186;AMBER_distance_restraints_2:267	
A	6	C1'	A	7	C6	7.240000	7.240000	AMBER_distance_restraints_2:187	
A	6	C1'	A	7	C7	8.240000	8.240000	AMBER_distance_restraints_2:277	
A	6	C1'	A	14	C1'	7.240000	7.240000	AMBER_distance_restraints_2:188	
A	6	C1'	A	14	C4'	7.240000	7.240000	AMBER_distance_restraints_2:189	
A	6	C2	A	6	N6	7.200000	7.200000	AMBER_distance_restraints_2:217	
A	6	C2	A	7	C1'	7.240000	7.240000	AMBER_distance_restraints_2:221	
A	6	C2	A	7	C4'	8.740000	8.740000	AMBER_distance_restraints_2:264	
A	6	C2	A	7	C6	8.740000	8.740000	AMBER_distance_restraints_2:271	
A	6	C2	A	7	N3	7.200000	7.200000	AMBER_distance_restraints_2:241	
A	6	C2	A	11	C2	7.240000	7.240000	AMBER_distance_restraints_2:190	
A	6	C2	A	12	C1'	8.740000	8.740000	AMBER_distance_restraints_2:425	
A	6	C2	A	12	N3	5.800001	5.800000	AMBER_distance_restraints_2:443	
A	6	C2	A	13	C1'	7.240000	7.240000	AMBER_distance_restraints_2:478	
A	6	C2	A	13	C2'	7.240000	7.240000	AMBER_distance_restraints_2:484;AMBER_distance_restraints_2:491	
A	6	C2	A	13	N3	7.200000	7.200000	AMBER_distance_restraints_2:496	
A	6	C2	A	14	C1'	7.240000	7.240000	AMBER_distance_restraints_2:531	
A	6	C2	A	14	C5'	9.540000	9.540000	AMBER_distance_restraints_2:560	
A	6	C2	A	14	C7	8.240000	8.240000	AMBER_distance_restraints_2:564	
A	6	C2	A	14	N3	8.700000	8.700000	AMBER_distance_restraints_2:550	
A	6	C2'	A	6	C3'	5.840000	5.840000	AMBER_distance_restraints_2:207	
A	6	C2'	A	6	C4'	7.240000	7.240000	AMBER_distance_restraints_2:193;AMBER_distance_restraints_2:199	
A	6	C2'	A	6	C5'	7.850001	7.850000	AMBER_distance_restraints_2:194;AMBER_distance_restraints_2:200	
A	6	C2'	A	6	C8	5.840000	5.840000	AMBER_distance_restraints_2:195;AMBER_distance_restraints_2:201	
A	6	C2'	A	7	C4'	7.240000	7.240000	AMBER_distance_restraints_2:202	
A	6	C2'	A	7	C5'	7.850001	7.850000	AMBER_distance_restraints_2:203	
A	6	C2'	A	7	C6	5.840000	5.840000	AMBER_distance_restraints_2:196;AMBER_distance_restraints_2:204	
A	6	C2'	A	7	C7	8.240000	8.240000	AMBER_distance_restraints_2:197;AMBER_distance_restraints_2:205	
A	6	C3'	A	6	C4'	5.840000	5.840000	AMBER_distance_restraints_2:208	
A	6	C3'	A	6	C5'	6.280000	6.280000	AMBER_distance_restraints_2:209	
A	6	C3'	A	6	C8	5.840000	5.840000	AMBER_distance_restraints_2:210	
A	6	C3'	A	7	C6	7.240000	7.240000	AMBER_distance_restraints_2:211	
A	6	C3'	A	7	C7	8.240000	8.240000	AMBER_distance_restraints_2:212	
A	6	C4'	A	6	C5'	6.280000	6.280000	AMBER_distance_restraints_2:216	
A	6	C4'	A	6	C8	7.240000	7.240000	AMBER_distance_restraints_2:213	
A	6	C5'	A	6	C8	7.850001	7.850000	AMBER_distance_restraints_2:214	
A	6	C8	A	7	C6	7.240000	7.240000	AMBER_distance_restraints_2:272	
A	6	C8	A	7	C7	6.560001	6.560000	AMBER_distance_restraints_2:278	
A	6	N1	A	12	N3	3.180000	3.180000	AMBER_distance_restraints_1:1	
A	6	N6	A	11	C2	8.700000	8.700000	AMBER_distance_restraints_2:218	
A	6	N6	A	12	O4	3.180000	3.180000	AMBER_distance_restraints_1:2	
A	6	N6	A	14	N3	7.160000	7.160000	AMBER_distance_restraints_2:219	
A	7	C1'	A	7	C2'	5.840000	5.840000	AMBER_distance_restraints_2:228;AMBER_distance_restraints_2:233	
A	7	C1'	A	7	C3'	8.740000	8.740000	AMBER_distance_restraints_2:258	
A	7	C1'	A	7	C4'	5.840000	5.840000	AMBER_distance_restraints_2:265	
A	7	C1'	A	7	C5'	7.850001	7.850000	AMBER_distance_restraints_2:222;AMBER_distance_restraints_2:268	
A	7	C1'	A	7	C6	7.240000	7.240000	AMBER_distance_restraints_2:223	
A	7	C1'	A	7	C7	10.050000	10.050000	AMBER_distance_restraints_2:224	
A	7	C1'	A	8	C2'	7.240000	7.240000	AMBER_distance_restraints_2:292	
A	7	C1'	A	8	C3'	7.240000	7.240000	AMBER_distance_restraints_2:298	
A	7	C1'	A	8	C6	5.840000	5.840000	AMBER_distance_restraints_2:225	
A	7	C1'	A	9	C6	8.740000	8.740000	AMBER_distance_restraints_2:226	
A	7	C1'	A	9	C7	8.240000	8.240000	AMBER_distance_restraints_2:343	
A	7	C1'	A	11	C2	8.740000	8.740000	AMBER_distance_restraints_2:227	
A	7	C1'	A	13	N3	5.800001	5.800000	AMBER_distance_restraints_2:497	
A	7	C2'	A	7	C3'	5.840000	5.840000	AMBER_distance_restraints_2:259	
A	7	C2'	A	7	C4'	7.240000	7.240000	AMBER_distance_restraints_2:266	
A	7	C2'	A	7	C6	5.840000	5.840000	AMBER_distance_restraints_2:230;AMBER_distance_restraints_2:234	
A	7	C2'	A	7	C7	8.240000	8.240000	AMBER_distance_restraints_2:231;AMBER_distance_restraints_2:235	
A	7	C2'	A	7	N3	8.700000	8.700000	AMBER_distance_restraints_2:242	
A	7	C2'	A	8	C1'	8.740000	8.740000	AMBER_distance_restraints_2:236	
A	7	C2'	A	8	C3'	7.240000	7.240000	AMBER_distance_restraints_2:299	
A	7	C2'	A	8	C4'	8.740000	8.740000	AMBER_distance_restraints_2:237	
A	7	C2'	A	8	C6	7.240000	7.240000	AMBER_distance_restraints_2:232;AMBER_distance_restraints_2:238	
A	7	C2'	A	9	C7	6.560001	6.560000	AMBER_distance_restraints_2:239	
A	7	C2'	A	13	N3	7.200000	7.200000	AMBER_distance_restraints_2:498	
A	7	C3'	A	7	C4'	5.840000	5.840000	AMBER_distance_restraints_2:260	
A	7	C3'	A	7	C6	7.240000	7.240000	AMBER_distance_restraints_2:261	
A	7	C3'	A	8	C6	8.740000	8.740000	AMBER_distance_restraints_2:262	
A	7	C3'	A	9	C7	10.050000	10.050000	AMBER_distance_restraints_2:263	
A	7	C4'	A	7	C6	7.240000	7.240000	AMBER_distance_restraints_2:273	
A	7	C4'	A	8	C7	6.560001	6.560000	AMBER_distance_restraints_2:312	
A	7	C4'	A	13	N3	7.200000	7.200000	AMBER_distance_restraints_2:499	
A	7	C5'	A	7	C6	7.850001	7.850000	AMBER_distance_restraints_2:269;AMBER_distance_restraints_2:274	
A	7	C5'	A	8	C6	9.540000	9.540000	AMBER_distance_restraints_2:270	
A	7	C6	A	7	C7	6.560001	6.560000	AMBER_distance_restraints_2:279	
A	7	C6	A	7	N3	8.700000	8.700000	AMBER_distance_restraints_2:243	
A	7	C6	A	8	C6	8.740000	8.740000	AMBER_distance_restraints_2:275	
A	7	C6	A	9	C6	8.740000	8.740000	AMBER_distance_restraints_2:276	
A	7	C6	A	9	C7	6.560001	6.560000	AMBER_distance_restraints_2:344	
A	7	C6	A	13	N3	8.700000	8.700000	AMBER_distance_restraints_2:500	
A	7	C7	A	7	N3	10.010000	10.010000	AMBER_distance_restraints_2:244	
A	7	C7	A	9	C7	7.430001	7.430000	AMBER_distance_restraints_2:280	
A	7	C7	A	11	N6	10.010000	10.010000	AMBER_distance_restraints_2:418	
A	7	C7	A	12	N3	10.010000	10.010000	AMBER_distance_restraints_2:444	
A	7	N3	A	9	C1'	7.200000	7.200000	AMBER_distance_restraints_2:245	
A	7	N3	A	9	C3'	8.700000	8.700000	AMBER_distance_restraints_2:246	
A	7	N3	A	9	C4'	7.200000	7.200000	AMBER_distance_restraints_2:247	
A	7	N3	A	9	C5'	9.500000	9.500000	AMBER_distance_restraints_2:248	
A	7	N3	A	9	C6	7.200000	7.200000	AMBER_distance_restraints_2:249	
A	7	N3	A	9	C7	10.010000	10.010000	AMBER_distance_restraints_2:250	
A	7	N3	A	11	C2	5.800001	5.800000	AMBER_distance_restraints_2:251	
A	7	N3	A	11	N1	3.180000	3.180000	AMBER_distance_restraints_1:3	
A	7	N3	A	11	N6	7.160000	7.160000	AMBER_distance_restraints_2:252	
A	7	N3	A	12	C7	10.010000	10.010000	AMBER_distance_restraints_2:254	
A	7	N3	A	12	N3	8.660000	8.660000	AMBER_distance_restraints_2:253	
A	7	N3	A	13	C7	10.010000	10.010000	AMBER_distance_restraints_2:256	
A	7	N3	A	13	N3	7.160000	7.160000	AMBER_distance_restraints_2:255	
A	7	N3	B	1	C8	8.700000	8.700000	AMBER_distance_restraints_2:240	
A	7	O4	A	11	N6	3.180000	3.180000	AMBER_distance_restraints_1:4	
A	8	C1'	A	8	C2'	5.840000	5.840000	AMBER_distance_restraints_2:287;AMBER_distance_restraints_2:293	
A	8	C1'	A	8	C3'	7.240000	7.240000	AMBER_distance_restraints_2:300	
A	8	C1'	A	8	C4'	5.840000	5.840000	AMBER_distance_restraints_2:281	
A	8	C1'	A	8	C5'	7.850001	7.850000	AMBER_distance_restraints_2:282	
A	8	C1'	A	8	C6	7.240000	7.240000	AMBER_distance_restraints_2:283	
A	8	C1'	A	8	C7	10.050000	10.050000	AMBER_distance_restraints_2:313	
A	8	C1'	A	9	C4'	8.740000	8.740000	AMBER_distance_restraints_2:284	
A	8	C1'	A	9	C5'	7.850001	7.850000	AMBER_distance_restraints_2:338	
A	8	C1'	A	9	C6	8.740000	8.740000	AMBER_distance_restraints_2:285	
A	8	C1'	A	9	C7	10.050000	10.050000	AMBER_distance_restraints_2:345	
A	8	C1'	A	11	C2	8.740000	8.740000	AMBER_distance_restraints_2:286	
A	8	C1'	A	13	C7	10.050000	10.050000	AMBER_distance_restraints_2:526	
A	8	C1'	A	13	N3	7.200000	7.200000	AMBER_distance_restraints_2:501	
A	8	C2'	A	8	C3'	5.840000	5.840000	AMBER_distance_restraints_2:289;AMBER_distance_restraints_2:301	
A	8	C2'	A	8	C4'	7.240000	7.240000	AMBER_distance_restraints_2:294	
A	8	C2'	A	8	C6	5.840000	5.840000	AMBER_distance_restraints_2:290;AMBER_distance_restraints_2:295	
A	8	C2'	A	9	C6	7.240000	7.240000	AMBER_distance_restraints_2:291;AMBER_distance_restraints_2:296	
A	8	C2'	A	11	C2	8.740000	8.740000	AMBER_distance_restraints_2:297	
A	8	C2'	A	13	N3	5.800001	5.800000	AMBER_distance_restraints_2:502	
A	8	C3'	A	8	C4'	5.840000	5.840000	AMBER_distance_restraints_2:302	
A	8	C3'	A	8	C5'	7.850001	7.850000	AMBER_distance_restraints_2:310	
A	8	C3'	A	8	C6	7.240000	7.240000	AMBER_distance_restraints_2:303	
A	8	C3'	A	9	C6	7.240000	7.240000	AMBER_distance_restraints_2:304	
A	8	C3'	A	9	C7	8.240000	8.240000	AMBER_distance_restraints_2:305	
A	8	C3'	A	13	N3	7.200000	7.200000	AMBER_distance_restraints_2:306	
A	8	C4'	A	8	C5'	6.280000	6.280000	AMBER_distance_restraints_2:311	
A	8	C4'	A	8	C6	7.240000	7.240000	AMBER_distance_restraints_2:307	
A	8	C4'	A	9	C7	10.050000	10.050000	AMBER_distance_restraints_2:346	
A	8	C4'	A	13	N3	8.700000	8.700000	AMBER_distance_restraints_2:503	
A	8	C5'	A	8	C6	7.850001	7.850000	AMBER_distance_restraints_2:308	
A	8	C5'	A	9	C7	11.000000	11.000000	AMBER_distance_restraints_2:309	
A	8	C6	A	8	C7	6.560001	6.560000	AMBER_distance_restraints_2:314	
A	8	C6	A	9	C7	10.050000	10.050000	AMBER_distance_restraints_2:347	
A	8	C6	A	13	N3	7.200000	7.200000	AMBER_distance_restraints_2:504	
A	8	C7	A	13	C1'	8.240000	8.240000	AMBER_distance_restraints_2:479	
A	8	C7	A	13	N3	10.010000	10.010000	AMBER_distance_restraints_2:505	
A	9	C1'	A	9	C2'	5.840000	5.840000	AMBER_distance_restraints_2:318;AMBER_distance_restraints_2:325	
A	9	C1'	A	9	C3'	7.240000	7.240000	AMBER_distance_restraints_2:331	
A	9	C1'	A	9	C4'	7.240000	7.240000	AMBER_distance_restraints_2:335	
A	9	C1'	A	9	C6	7.240000	7.240000	AMBER_distance_restraints_2:316	
A	9	C1'	A	9	C7	10.050000	10.050000	AMBER_distance_restraints_2:348	
A	9	C1'	A	10	C5	7.240000	7.240000	AMBER_distance_restraints_2:373	
A	9	C1'	A	10	C5'	9.540000	9.540000	AMBER_distance_restraints_2:376	
A	9	C1'	A	10	C6	7.240000	7.240000	AMBER_distance_restraints_2:317	
A	9	C1'	A	11	N6	7.200000	7.200000	AMBER_distance_restraints_2:419	
A	9	C1'	B	1	C8	7.240000	7.240000	AMBER_distance_restraints_2:315	
A	9	C2'	A	9	C3'	5.840000	5.840000	AMBER_distance_restraints_2:320;AMBER_distance_restraints_2:326	
A	9	C2'	A	9	C4'	7.240000	7.240000	AMBER_distance_restraints_2:321;AMBER_distance_restraints_2:327	
A	9	C2'	A	9	C6	5.840000	5.840000	AMBER_distance_restraints_2:322;AMBER_distance_restraints_2:328	
A	9	C2'	A	9	C7	8.240000	8.240000	AMBER_distance_restraints_2:323;AMBER_distance_restraints_2:329	
A	9	C2'	A	10	C6	7.240000	7.240000	AMBER_distance_restraints_2:324;AMBER_distance_restraints_2:330	
A	9	C3'	A	9	C4'	7.240000	7.240000	AMBER_distance_restraints_2:336	
A	9	C3'	A	9	C6	7.240000	7.240000	AMBER_distance_restraints_2:332	
A	9	C3'	A	10	C6	8.740000	8.740000	AMBER_distance_restraints_2:333	
A	9	C3'	A	11	C2	8.740000	8.740000	AMBER_distance_restraints_2:334	
A	9	C4'	A	9	C5'	6.280000	6.280000	AMBER_distance_restraints_2:339	
A	9	C4'	A	9	C6	7.240000	7.240000	AMBER_distance_restraints_2:337	
A	9	C4'	A	10	C5'	7.850001	7.850000	AMBER_distance_restraints_2:377;AMBER_distance_restraints_2:386	
A	9	C4'	A	11	N6	8.700000	8.700000	AMBER_distance_restraints_2:420	
A	9	C4'	A	12	N3	8.700000	8.700000	AMBER_distance_restraints_2:445	
A	9	C4'	A	13	N3	8.700000	8.700000	AMBER_distance_restraints_2:506	
A	9	C5'	A	9	C6	7.850001	7.850000	AMBER_distance_restraints_2:340	
A	9	C5'	A	11	C2	7.850001	7.850000	AMBER_distance_restraints_2:341	
A	9	C5'	A	13	N3	9.500000	9.500000	AMBER_distance_restraints_2:507	
A	9	C6	A	9	C7	6.560001	6.560000	AMBER_distance_restraints_2:349	
A	9	C6	A	10	C5	8.740000	8.740000	AMBER_distance_restraints_2:374	
A	9	C6	A	11	C2	7.240000	7.240000	AMBER_distance_restraints_2:342	
A	9	C6	A	13	N3	8.700000	8.700000	AMBER_distance_restraints_2:508	
A	9	C7	A	13	N3	10.010000	10.010000	AMBER_distance_restraints_2:509	
A	10	C1'	A	10	C2'	5.840000	5.840000	AMBER_distance_restraints_2:353;AMBER_distance_restraints_2:360	
A	10	C1'	A	10	C3'	7.240000	7.240000	AMBER_distance_restraints_2:366	
A	10	C1'	A	10	C4'	7.240000	7.240000	AMBER_distance_restraints_2:350	
A	10	C1'	A	10	C5'	7.850001	7.850000	AMBER_distance_restraints_2:378	
A	10	C1'	A	10	C6	7.240000	7.240000	AMBER_distance_restraints_2:351	
A	10	C1'	A	11	C8	7.240000	7.240000	AMBER_distance_restraints_2:352	
A	10	C2'	A	10	C3'	5.840000	5.840000	AMBER_distance_restraints_2:355;AMBER_distance_restraints_2:361	
A	10	C2'	A	10	C4'	7.240000	7.240000	AMBER_distance_restraints_2:356;AMBER_distance_restraints_2:362	
A	10	C2'	A	10	C5'	7.850001	7.850000	AMBER_distance_restraints_2:357;AMBER_distance_restraints_2:363	
A	10	C2'	A	10	C6	5.840000	5.840000	AMBER_distance_restraints_2:358;AMBER_distance_restraints_2:364	
A	10	C2'	A	11	C8	8.740000	8.740000	AMBER_distance_restraints_2:359;AMBER_distance_restraints_2:365	
A	10	C3'	A	10	C4'	5.840000	5.840000	AMBER_distance_restraints_2:369	
A	10	C3'	A	10	C5'	6.280000	6.280000	AMBER_distance_restraints_2:379	
A	10	C3'	A	10	C6	7.240000	7.240000	AMBER_distance_restraints_2:367	
A	10	C3'	A	11	C8	7.240000	7.240000	AMBER_distance_restraints_2:368	
A	10	C4'	A	10	C5'	6.280000	6.280000	AMBER_distance_restraints_2:380	
A	10	C4'	A	10	C6	7.240000	7.240000	AMBER_distance_restraints_2:370	
A	10	C4'	A	11	C8	7.240000	7.240000	AMBER_distance_restraints_2:371	
A	10	C5	A	10	C6	5.840000	5.840000	AMBER_distance_restraints_2:375	
A	10	C5	B	1	C2	8.740000	8.740000	AMBER_distance_restraints_2:372	
A	10	C5'	A	10	C6	7.850001	7.850000	AMBER_distance_restraints_2:381;AMBER_distance_restraints_2:387	
A	10	C5'	A	11	C1'	7.850001	7.850000	AMBER_distance_restraints_2:382	
A	10	C5'	A	11	C2	9.540000	9.540000	AMBER_distance_restraints_2:383	
A	10	C5'	A	11	C5'	8.540000	8.540000	AMBER_distance_restraints_2:384	
A	10	C5'	A	11	C8	7.850001	7.850000	AMBER_distance_restraints_2:385	
A	10	C5'	A	12	C7	8.980000	8.980000	AMBER_distance_restraints_2:388	
A	10	C6	A	11	C8	7.240000	7.240000	AMBER_distance_restraints_2:423	
A	10	C6	A	11	N6	8.700000	8.700000	AMBER_distance_restraints_2:421	
A	11	C1'	A	11	C2	7.240000	7.240000	AMBER_distance_restraints_2:390	
A	11	C1'	A	11	C2'	5.840000	5.840000	AMBER_distance_restraints_2:394;AMBER_distance_restraints_2:400	
A	11	C1'	A	11	C3'	7.240000	7.240000	AMBER_distance_restraints_2:406	
A	11	C1'	A	11	C4'	5.840000	5.840000	AMBER_distance_restraints_2:411	
A	11	C1'	A	11	C5'	7.850001	7.850000	AMBER_distance_restraints_2:391	
A	11	C1'	A	11	C8	7.240000	7.240000	AMBER_distance_restraints_2:392	
A	11	C1'	A	12	C1'	7.240000	7.240000	AMBER_distance_restraints_2:426	
A	11	C1'	A	12	C6	5.840000	5.840000	AMBER_distance_restraints_2:393	
A	11	C1'	A	12	C7	8.240000	8.240000	AMBER_distance_restraints_2:473	
A	11	C1'	A	13	C7	8.240000	8.240000	AMBER_distance_restraints_2:527	
A	11	C2	A	12	C1'	7.240000	7.240000	AMBER_distance_restraints_2:427	
A	11	C2	A	12	C6	8.740000	8.740000	AMBER_distance_restraints_2:469	
A	11	C2	A	12	N3	7.200000	7.200000	AMBER_distance_restraints_2:446	
A	11	C2	A	13	C7	8.240000	8.240000	AMBER_distance_restraints_2:528	
A	11	C2	A	13	N3	5.800001	5.800000	AMBER_distance_restraints_2:510	
A	11	C2'	A	11	C3'	5.840000	5.840000	AMBER_distance_restraints_2:407	
A	11	C2'	A	11	C4'	7.240000	7.240000	AMBER_distance_restraints_2:396;AMBER_distance_restraints_2:401	
A	11	C2'	A	11	C8	5.840000	5.840000	AMBER_distance_restraints_2:397;AMBER_distance_restraints_2:402	
A	11	C2'	A	12	C6	5.840000	5.840000	AMBER_distance_restraints_2:398;AMBER_distance_restraints_2:403	
A	11	C2'	A	12	C7	6.560001	6.560000	AMBER_distance_restraints_2:399;AMBER_distance_restraints_2:404	
A	11	C3'	A	11	C4'	5.840000	5.840000	AMBER_distance_restraints_2:408	
A	11	C3'	A	11	C8	7.240000	7.240000	AMBER_distance_restraints_2:409	
A	11	C3'	A	12	C6	8.740000	8.740000	AMBER_distance_restraints_2:410	
A	11	C3'	A	12	C7	8.240000	8.240000	AMBER_distance_restraints_2:50	
A	11	C4'	A	11	C5'	6.280000	6.280000	AMBER_distance_restraints_2:414	
A	11	C4'	A	11	C8	7.240000	7.240000	AMBER_distance_restraints_2:412	
A	11	C4'	A	12	C6	8.740000	8.740000	AMBER_distance_restraints_2:413	
A	11	C4'	A	12	C7	10.050000	10.050000	AMBER_distance_restraints_2:474	
A	11	C5'	A	11	C8	7.850001	7.850000	AMBER_distance_restraints_2:415	
A	11	C8	A	12	C6	7.240000	7.240000	AMBER_distance_restraints_2:424	
A	11	C8	A	12	C7	6.560001	6.560000	AMBER_distance_restraints_2:475	
A	11	C8	B	3	C1'	8.740000	8.740000	AMBER_distance_restraints_2:662	
A	11	N6	A	12	N3	7.160000	7.160000	AMBER_distance_restraints_2:422	
A	11	N6	B	1	C8	8.700000	8.700000	AMBER_distance_restraints_2:416	
A	11	N6	B	3	C7	10.010000	10.010000	AMBER_distance_restraints_2:417	
A	12	C1'	A	12	C2'	5.840000	5.840000	AMBER_distance_restraints_2:432;AMBER_distance_restraints_2:438	
A	12	C1'	A	12	C3'	7.240000	7.240000	AMBER_distance_restraints_2:455	
A	12	C1'	A	12	C4'	7.240000	7.240000	AMBER_distance_restraints_2:428	
A	12	C1'	A	12	C5'	7.850001	7.850000	AMBER_distance_restraints_2:466	
A	12	C1'	A	12	C6	7.240000	7.240000	AMBER_distance_restraints_2:429	
A	12	C1'	A	12	C7	10.050000	10.050000	AMBER_distance_restraints_2:476	
A	12	C1'	A	12	N3	8.700000	8.700000	AMBER_distance_restraints_2:447	
A	12	C1'	A	13	C6	5.840000	5.840000	AMBER_distance_restraints_2:430	
A	12	C1'	A	13	C7	6.560001	6.560000	AMBER_distance_restraints_2:431	
A	12	C1'	A	13	N3	8.700000	8.700000	AMBER_distance_restraints_2:511	
A	12	C1'	A	14	C7	8.240000	8.240000	AMBER_distance_restraints_2:565	
A	12	C2'	A	12	C3'	7.240000	7.240000	AMBER_distance_restraints_2:434;AMBER_distance_restraints_2:439	
A	12	C2'	A	12	C5'	6.280000	6.280000	AMBER_distance_restraints_2:435	
A	12	C2'	A	12	C6	5.840000	5.840000	AMBER_distance_restraints_2:436;AMBER_distance_restraints_2:440	
A	12	C2'	A	12	C7	8.240000	8.240000	AMBER_distance_restraints_2:437	
A	12	C2'	A	14	C7	6.560001	6.560000	AMBER_distance_restraints_2:441;AMBER_distance_restraints_2:566	
A	12	C3'	A	12	C4'	5.840000	5.840000	AMBER_distance_restraints_2:456	
A	12	C3'	A	12	C5'	6.280000	6.280000	AMBER_distance_restraints_2:457;AMBER_distance_restraints_2:467	
A	12	C3'	A	12	C6	7.240000	7.240000	AMBER_distance_restraints_2:458	
A	12	C3'	A	13	C6	7.240000	7.240000	AMBER_distance_restraints_2:459	
A	12	C4'	A	12	C5'	6.280000	6.280000	AMBER_distance_restraints_2:463	
A	12	C4'	A	12	C6	7.240000	7.240000	AMBER_distance_restraints_2:460	
A	12	C4'	A	12	C7	10.050000	10.050000	AMBER_distance_restraints_2:461	
A	12	C4'	A	13	C7	6.560001	6.560000	AMBER_distance_restraints_2:462	
A	12	C5'	A	12	C6	7.850001	7.850000	AMBER_distance_restraints_2:464	
A	12	C5'	A	12	C7	11.000000	11.000000	AMBER_distance_restraints_2:465	
A	12	C6	A	12	C7	6.560001	6.560000	AMBER_distance_restraints_2:477	
A	12	C6	A	12	N3	8.700000	8.700000	AMBER_distance_restraints_2:448	
A	12	C6	A	13	C6	8.740000	8.740000	AMBER_distance_restraints_2:470	
A	12	C6	A	14	C7	10.050000	10.050000	AMBER_distance_restraints_2:567	
A	12	C6	B	4	N3	7.200000	7.200000	AMBER_distance_restraints_2:468	
A	12	C7	A	12	N3	10.010000	10.010000	AMBER_distance_restraints_2:449	
A	12	C7	A	14	N3	8.200000	8.200000	AMBER_distance_restraints_2:551	
A	12	C7	B	3	C1'	10.050000	10.050000	AMBER_distance_restraints_2:471	
A	12	C7	B	3	N3	8.200000	8.200000	AMBER_distance_restraints_2:682	
A	12	N3	A	13	C2'	8.700000	8.700000	AMBER_distance_restraints_2:450	
A	12	N3	A	13	N3	8.660000	8.660000	AMBER_distance_restraints_2:451	
A	12	N3	A	14	C6	8.700000	8.700000	AMBER_distance_restraints_2:453	
A	12	N3	A	14	C7	8.200000	8.200000	AMBER_distance_restraints_2:454	
A	12	N3	A	14	N3	7.160000	7.160000	AMBER_distance_restraints_2:452	
A	12	N3	B	3	N3	8.660000	8.660000	AMBER_distance_restraints_2:681	
A	12	N3	B	4	N3	8.660000	8.660000	AMBER_distance_restraints_2:442	
A	13	C1'	A	13	C2'	5.840000	5.840000	AMBER_distance_restraints_2:485;AMBER_distance_restraints_2:492	
A	13	C1'	A	13	C3'	7.240000	7.240000	AMBER_distance_restraints_2:515	
A	13	C1'	A	13	C4'	5.840000	5.840000	AMBER_distance_restraints_2:521	
A	13	C1'	A	13	C5'	9.540000	9.540000	AMBER_distance_restraints_2:480	
A	13	C1'	A	13	C6	7.240000	7.240000	AMBER_distance_restraints_2:481	
A	13	C1'	A	13	C7	8.240000	8.240000	AMBER_distance_restraints_2:482	
A	13	C1'	A	13	N3	7.200000	7.200000	AMBER_distance_restraints_2:512	
A	13	C1'	A	14	C6	7.240000	7.240000	AMBER_distance_restraints_2:483	
A	13	C1'	A	14	C7	8.240000	8.240000	AMBER_distance_restraints_2:568	
A	13	C2'	A	13	C3'	7.240000	7.240000	AMBER_distance_restraints_2:516	
A	13	C2'	A	13	C4'	7.240000	7.240000	AMBER_distance_restraints_2:487;AMBER_distance_restraints_2:493	
A	13	C2'	A	13	C6	5.840000	5.840000	AMBER_distance_restraints_2:488;AMBER_distance_restraints_2:494	
A	13	C2'	A	14	C6	5.840000	5.840000	AMBER_distance_restraints_2:489;AMBER_distance_restraints_2:495	
A	13	C2'	A	14	C7	6.560001	6.560000	AMBER_distance_restraints_2:490;AMBER_distance_restraints_2:569	
A	13	C3'	A	13	C4'	5.840000	5.840000	AMBER_distance_restraints_2:517	
A	13	C3'	A	13	C5'	6.280000	6.280000	AMBER_distance_restraints_2:518	
A	13	C3'	A	13	C6	7.240000	7.240000	AMBER_distance_restraints_2:519	
A	13	C3'	A	14	C6	7.240000	7.240000	AMBER_distance_restraints_2:520	
A	13	C4'	A	13	C5'	6.280000	6.280000	AMBER_distance_restraints_2:523	
A	13	C4'	A	13	C6	7.240000	7.240000	AMBER_distance_restraints_2:522	
A	13	C4'	A	14	C6	8.740000	8.740000	AMBER_distance_restraints_2:563	
A	13	C4'	A	14	C7	8.240000	8.240000	AMBER_distance_restraints_2:570	
A	13	C5'	A	13	C6	7.850001	7.850000	AMBER_distance_restraints_2:524	
A	13	C5'	A	14	C7	8.980000	8.980000	AMBER_distance_restraints_2:525	
A	13	C6	A	13	C7	6.560001	6.560000	AMBER_distance_restraints_2:529	
A	13	C6	A	13	N3	8.700000	8.700000	AMBER_distance_restraints_2:513	
A	13	C6	A	14	C7	8.240000	8.240000	AMBER_distance_restraints_2:571	
A	13	C7	A	13	N3	8.200000	8.200000	AMBER_distance_restraints_2:514	
A	14	C1'	A	14	C2'	5.840000	5.840000	AMBER_distance_restraints_2:532;AMBER_distance_restraints_2:536;AMBER_distance_restraints_2:543	
A	14	C1'	A	14	C6	7.240000	7.240000	AMBER_distance_restraints_2:534	
A	14	C1'	A	14	N3	8.700000	8.700000	AMBER_distance_restraints_2:533	
A	14	C1'	B	15	N4	8.700000	8.700000	AMBER_distance_restraints_2:1188	
A	14	C2'	A	14	C3'	5.840000	5.840000	AMBER_distance_restraints_2:538;AMBER_distance_restraints_2:554	
A	14	C2'	A	14	C6	5.840000	5.840000	AMBER_distance_restraints_2:539;AMBER_distance_restraints_2:544	
A	14	C2'	A	14	C7	8.240000	8.240000	AMBER_distance_restraints_2:540	
A	14	C2'	A	15	C4'	8.740000	8.740000	AMBER_distance_restraints_2:541	
A	14	C2'	A	15	C5'	7.850001	7.850000	AMBER_distance_restraints_2:542;AMBER_distance_restraints_2:545	
A	14	C2'	A	15	C6	7.240000	7.240000	AMBER_distance_restraints_2:546	
A	14	C2'	B	15	N4	7.200000	7.200000	AMBER_distance_restraints_2:1189	
A	14	C3'	A	14	C4'	5.840000	5.840000	AMBER_distance_restraints_2:555	
A	14	C3'	A	14	C6	5.840000	5.840000	AMBER_distance_restraints_2:556	
A	14	C3'	A	14	C7	8.240000	8.240000	AMBER_distance_restraints_2:557	
A	14	C3'	A	15	C5	8.740000	8.740000	AMBER_distance_restraints_2:558	
A	14	C3'	A	15	C6	7.240000	7.240000	AMBER_distance_restraints_2:559	
A	14	C5'	A	14	C6	7.850001	7.850000	AMBER_distance_restraints_2:561	
A	14	C6	A	14	C7	6.560001	6.560000	AMBER_distance_restraints_2:572	
A	14	C6	A	14	N3	8.700000	8.700000	AMBER_distance_restraints_2:552	
A	14	C6	B	4	N3	8.700000	8.700000	AMBER_distance_restraints_2:562	
A	14	C7	A	14	N3	8.200000	8.200000	AMBER_distance_restraints_2:553	
A	14	C7	B	4	N3	8.200000	8.200000	AMBER_distance_restraints_2:725	
A	14	C7	B	15	C5	6.560001	6.560000	AMBER_distance_restraints_2:573	
A	14	C7	B	15	N4	8.200000	8.200000	AMBER_distance_restraints_2:1191	
A	14	N3	B	4	C7	8.200000	8.200000	AMBER_distance_restraints_2:548	
A	14	N3	B	4	N3	5.760000	5.760000	AMBER_distance_restraints_2:547	
A	14	N3	B	4	O4	3.180000	3.180000	AMBER_distance_restraints_1:18	
A	14	N3	B	15	N4	8.660000	8.660000	AMBER_distance_restraints_2:1190	
A	14	O4	B	4	N3	3.180000	3.180000	AMBER_distance_restraints_1:17	
A	15	C1'	A	15	C2'	5.840000	5.840000	AMBER_distance_restraints_2:577;AMBER_distance_restraints_2:580	
A	15	C1'	A	15	C3'	7.240000	7.240000	AMBER_distance_restraints_2:583	
A	15	C1'	A	15	C4'	5.840000	5.840000	AMBER_distance_restraints_2:575	
A	15	C1'	A	15	C5'	7.850001	7.850000	AMBER_distance_restraints_2:576	
A	15	C1'	A	15	C6	5.840000	5.840000	AMBER_distance_restraints_2:597	
A	15	C2'	A	15	C3'	5.840000	5.840000	AMBER_distance_restraints_2:578;AMBER_distance_restraints_2:581	
A	15	C2'	A	15	C4'	7.240000	7.240000	AMBER_distance_restraints_2:586	
A	15	C2'	A	15	C6	5.840000	5.840000	AMBER_distance_restraints_2:579;AMBER_distance_restraints_2:582	
A	15	C3'	A	15	C4'	5.840000	5.840000	AMBER_distance_restraints_2:587	
A	15	C3'	A	15	C5	7.240000	7.240000	AMBER_distance_restraints_2:584	
A	15	C3'	A	15	C6	5.840000	5.840000	AMBER_distance_restraints_2:585	
A	15	C4'	A	15	C5'	6.280000	6.280000	AMBER_distance_restraints_2:588	
A	15	C4'	A	15	C6	7.240000	7.240000	AMBER_distance_restraints_2:589	
A	15	C5	A	15	C6	5.840000	5.840000	AMBER_distance_restraints_2:595	
A	15	C5	B	14	C7	6.560001	6.560000	AMBER_distance_restraints_2:1170	
A	15	C5'	A	15	C6	7.850001	7.850000	AMBER_distance_restraints_2:596	
A	15	N3	B	5	N3	2.980000	2.980000	AMBER_distance_restraints_1:12	
A	15	N4	B	5	N4	8.660000	8.660000	AMBER_distance_restraints_2:590	
A	15	N4	B	5	O2	2.980000	2.980000	AMBER_distance_restraints_1:14	
A	15	N4	B	14	C1'	8.700000	8.700000	AMBER_distance_restraints_2:591	
A	15	N4	B	14	C2'	7.200000	7.200000	AMBER_distance_restraints_2:592	
A	15	N4	B	14	C7	8.200000	8.200000	AMBER_distance_restraints_2:594	
A	15	N4	B	14	N3	8.660000	8.660000	AMBER_distance_restraints_2:593	
A	15	O2	B	5	N4	2.980000	2.980000	AMBER_distance_restraints_1:13	
B	1	C1'	B	1	C2'	5.840000	5.840000	AMBER_distance_restraints_2:603;AMBER_distance_restraints_2:610	
B	1	C1'	B	1	C4'	5.840000	5.840000	AMBER_distance_restraints_2:618	
B	1	C1'	B	1	C8	7.240000	7.240000	AMBER_distance_restraints_2:598	
B	1	C1'	B	2	C1'	7.240000	7.240000	AMBER_distance_restraints_2:599	
B	1	C1'	B	2	C2'	7.240000	7.240000	AMBER_distance_restraints_2:600	
B	1	C1'	B	2	C6	7.240000	7.240000	AMBER_distance_restraints_2:601	
B	1	C1'	B	3	C6	8.740000	8.740000	AMBER_distance_restraints_2:602	
B	1	C1'	B	3	C7	8.240000	8.240000	AMBER_distance_restraints_2:697	
B	1	C2	B	1	C2'	8.740000	8.740000	AMBER_distance_restraints_2:604;AMBER_distance_restraints_2:611	
B	1	C2	B	2	C1'	8.740000	8.740000	AMBER_distance_restraints_2:623	
B	1	C2	B	2	C2'	7.240000	7.240000	AMBER_distance_restraints_2:636	
B	1	C2	B	2	C3'	8.740000	8.740000	AMBER_distance_restraints_2:1002	
B	1	C2	B	3	C1'	7.240000	7.240000	AMBER_distance_restraints_2:655	
B	1	C2	B	3	C5'	7.850001	7.850000	AMBER_distance_restraints_2:690	
B	1	C2	B	3	C6	7.240000	7.240000	AMBER_distance_restraints_2:693	
B	1	C2	B	3	C7	8.240000	8.240000	AMBER_distance_restraints_2:698	
B	1	C2'	B	1	C4'	7.240000	7.240000	AMBER_distance_restraints_2:605;AMBER_distance_restraints_2:613	
B	1	C2'	B	1	C5'	6.280000	6.280000	AMBER_distance_restraints_2:606;AMBER_distance_restraints_2:614	
B	1	C2'	B	1	C8	7.240000	7.240000	AMBER_distance_restraints_2:607;AMBER_distance_restraints_2:615	
B	1	C2'	B	2	C1'	7.240000	7.240000	AMBER_distance_restraints_2:616	
B	1	C2'	B	2	C2'	7.240000	7.240000	AMBER_distance_restraints_2:628	
B	1	C2'	B	2	C6	7.240000	7.240000	AMBER_distance_restraints_2:608;AMBER_distance_restraints_2:617	
B	1	C2'	B	3	C6	7.240000	7.240000	AMBER_distance_restraints_2:609	
B	1	C2'	B	3	C7	8.240000	8.240000	AMBER_distance_restraints_2:699	
B	1	C4'	B	1	C5'	6.280000	6.280000	AMBER_distance_restraints_2:620	
B	1	C4'	B	1	C8	8.740000	8.740000	AMBER_distance_restraints_2:619	
B	1	C4'	B	2	C7	6.560001	6.560000	AMBER_distance_restraints_2:653	
B	1	C5'	B	1	C8	7.850001	7.850000	AMBER_distance_restraints_2:621	
B	1	C5'	B	3	C7	8.980000	8.980000	AMBER_distance_restraints_2:622	
B	1	C8	B	2	C2'	8.740000	8.740000	AMBER_distance_restraints_2:629	
B	1	C8	B	3	C6	8.740000	8.740000	AMBER_distance_restraints_2:694	
B	1	C8	B	3	C7	8.240000	8.240000	AMBER_distance_restraints_2:700	
B	2	C1'	B	2	C2'	5.840000	5.840000	AMBER_distance_restraints_2:630;AMBER_distance_restraints_2:637	
B	2	C1'	B	2	C3'	7.240000	7.240000	AMBER_distance_restraints_2:641	
B	2	C1'	B	2	C4'	5.840000	5.840000	AMBER_distance_restraints_2:624	
B	2	C1'	B	2	C5'	7.850001	7.850000	AMBER_distance_restraints_2:625	
B	2	C1'	B	2	C6	7.240000	7.240000	AMBER_distance_restraints_2:626	
B	2	C1'	B	3	C5'	6.280000	6.280000	AMBER_distance_restraints_2:691	
B	2	C1'	B	3	C6	7.240000	7.240000	AMBER_distance_restraints_2:627	
B	2	C1'	B	3	C7	8.240000	8.240000	AMBER_distance_restraints_2:701	
B	2	C2'	B	2	C3'	5.840000	5.840000	AMBER_distance_restraints_2:642;AMBER_distance_restraints_2:643	
B	2	C2'	B	2	C4'	7.240000	7.240000	AMBER_distance_restraints_2:632;AMBER_distance_restraints_2:638	
B	2	C2'	B	2	C6	5.840000	5.840000	AMBER_distance_restraints_2:633;AMBER_distance_restraints_2:639	
B	2	C2'	B	3	C6	5.840000	5.840000	AMBER_distance_restraints_2:634;AMBER_distance_restraints_2:640	
B	2	C2'	B	3	C7	6.560001	6.560000	AMBER_distance_restraints_2:635;AMBER_distance_restraints_2:702	
B	2	C3'	B	2	C4'	5.840000	5.840000	AMBER_distance_restraints_2:644	
B	2	C3'	B	3	C6	7.240000	7.240000	AMBER_distance_restraints_2:645	
B	2	C3'	B	3	C7	6.560001	6.560000	AMBER_distance_restraints_2:646	
B	2	C4'	B	2	C5'	6.280000	6.280000	AMBER_distance_restraints_2:649	
B	2	C4'	B	2	C6	7.240000	7.240000	AMBER_distance_restraints_2:648	
B	2	C4'	B	3	C7	10.050000	10.050000	AMBER_distance_restraints_2:703	
B	2	C5'	B	2	C6	7.850001	7.850000	AMBER_distance_restraints_2:650	
B	2	C5'	B	3	C7	11.000000	11.000000	AMBER_distance_restraints_2:651	
B	2	C6	B	2	C7	6.560001	6.560000	AMBER_distance_restraints_2:654	
B	2	C6	B	3	C6	8.740000	8.740000	AMBER_distance_restraints_2:695	
B	2	C6	B	3	C7	8.240000	8.240000	AMBER_distance_restraints_2:704	
B	3	C1'	B	3	C2'	5.840000	5.840000	AMBER_distance_restraints_2:663;AMBER_distance_restraints_2:671	
B	3	C1'	B	3	C3'	7.240000	7.240000	AMBER_distance_restraints_2:683	
B	3	C1'	B	3	C4'	5.840000	5.840000	AMBER_distance_restraints_2:652;AMBER_distance_restraints_2:656	
B	3	C1'	B	3	C6	7.240000	7.240000	AMBER_distance_restraints_2:657	
B	3	C1'	B	4	C4'	8.740000	8.740000	AMBER_distance_restraints_2:658	
B	3	C1'	B	4	C5'	9.540000	9.540000	AMBER_distance_restraints_2:659	
B	3	C1'	B	4	C6	7.240000	7.240000	AMBER_distance_restraints_2:660	
B	3	C1'	B	4	C7	8.240000	8.240000	AMBER_distance_restraints_2:661;AMBER_distance_restraints_2:737	
B	3	C2'	B	3	C3'	5.840000	5.840000	AMBER_distance_restraints_2:684	
B	3	C2'	B	3	C4'	7.240000	7.240000	AMBER_distance_restraints_2:665;AMBER_distance_restraints_2:672	
B	3	C2'	B	3	C6	7.240000	7.240000	AMBER_distance_restraints_2:666;AMBER_distance_restraints_2:673	
B	3	C2'	B	4	C4'	7.240000	7.240000	AMBER_distance_restraints_2:667;AMBER_distance_restraints_2:674	
B	3	C2'	B	4	C5'	6.280000	6.280000	AMBER_distance_restraints_2:668;AMBER_distance_restraints_2:675	
B	3	C2'	B	4	C6	5.840000	5.840000	AMBER_distance_restraints_2:669;AMBER_distance_restraints_2:676	
B	3	C2'	B	4	C7	6.560001	6.560000	AMBER_distance_restraints_2:670;AMBER_distance_restraints_2:677	
B	3	C3'	B	3	C5'	6.280000	6.280000	AMBER_distance_restraints_2:685	
B	3	C3'	B	3	C6	7.240000	7.240000	AMBER_distance_restraints_2:686	
B	3	C3'	B	3	C7	10.050000	10.050000	AMBER_distance_restraints_2:687	
B	3	C3'	B	4	C6	7.240000	7.240000	AMBER_distance_restraints_2:688	
B	3	C3'	B	4	C7	6.560001	6.560000	AMBER_distance_restraints_2:738	
B	3	C4'	B	3	C7	10.050000	10.050000	AMBER_distance_restraints_2:689	
B	3	C5'	B	3	C6	6.280000	6.280000	AMBER_distance_restraints_2:692	
B	3	C5'	B	4	C7	8.980000	8.980000	AMBER_distance_restraints_2:739	
B	3	C6	B	3	C7	6.560001	6.560000	AMBER_distance_restraints_2:705	
B	3	C6	B	4	C6	8.740000	8.740000	AMBER_distance_restraints_2:696	
B	3	C6	B	4	C7	8.240000	8.240000	AMBER_distance_restraints_2:740	
B	3	N3	B	4	C7	10.010000	10.010000	AMBER_distance_restraints_2:679	
B	3	N3	B	4	N3	8.660000	8.660000	AMBER_distance_restraints_2:678	
B	4	C1'	B	4	C2'	5.840000	5.840000	AMBER_distance_restraints_2:711;AMBER_distance_restraints_2:719	
B	4	C1'	B	4	C3'	7.240000	7.240000	AMBER_distance_restraints_2:726	
B	4	C1'	B	4	C4'	5.840000	5.840000	AMBER_distance_restraints_2:732	
B	4	C1'	B	4	C6	7.240000	7.240000	AMBER_distance_restraints_2:707	
B	4	C1'	B	4	C7	10.050000	10.050000	AMBER_distance_restraints_2:708	
B	4	C1'	B	4	N3	8.700000	8.700000	AMBER_distance_restraints_2:706	
B	4	C1'	B	15	C4'	8.740000	8.740000	AMBER_distance_restraints_2:710	
B	4	C2'	B	4	C3'	5.840000	5.840000	AMBER_distance_restraints_2:727;AMBER_distance_restraints_2:728	
B	4	C2'	B	4	C4'	7.240000	7.240000	AMBER_distance_restraints_2:713;AMBER_distance_restraints_2:721	
B	4	C2'	B	4	C6	5.840000	5.840000	AMBER_distance_restraints_2:714;AMBER_distance_restraints_2:722	
B	4	C2'	B	4	N3	8.700000	8.700000	AMBER_distance_restraints_2:720	
B	4	C2'	B	5	C5	7.240000	7.240000	AMBER_distance_restraints_2:716	
B	4	C2'	B	5	C6	7.240000	7.240000	AMBER_distance_restraints_2:717	
B	4	C2'	B	15	C1'	8.740000	8.740000	AMBER_distance_restraints_2:718	
B	4	C3'	B	4	C4'	5.840000	5.840000	AMBER_distance_restraints_2:729	
B	4	C3'	B	4	C5'	6.280000	6.280000	AMBER_distance_restraints_2:730	
B	4	C3'	B	4	C6	7.240000	7.240000	AMBER_distance_restraints_2:731	
B	4	C4'	B	4	C5'	6.280000	6.280000	AMBER_distance_restraints_2:734	
B	4	C4'	B	4	C6	7.240000	7.240000	AMBER_distance_restraints_2:733	
B	4	C4'	B	4	C7	10.050000	10.050000	AMBER_distance_restraints_2:741	
B	4	C5'	B	4	C6	7.850001	7.850000	AMBER_distance_restraints_2:735	
B	4	C6	B	4	C7	6.560001	6.560000	AMBER_distance_restraints_2:742	
B	4	C6	B	4	N3	8.700000	8.700000	AMBER_distance_restraints_2:736	
B	4	C7	B	4	N3	8.200000	8.200000	AMBER_distance_restraints_2:724	
B	4	N3	B	15	C1'	7.200000	7.200000	AMBER_distance_restraints_2:1171	
B	5	C5	B	5	C6	5.840000	5.840000	AMBER_distance_restraints_2:778	
B	5	C6	B	14	N3	8.700000	8.700000	AMBER_distance_restraints_2:1146	
B	6	C1'	B	6	C2	8.740000	8.740000	AMBER_distance_restraints_2:779	
B	6	C1'	B	6	C2'	5.840000	5.840000	AMBER_distance_restraints_2:788;AMBER_distance_restraints_2:795	
B	6	C1'	B	6	C3'	7.240000	7.240000	AMBER_distance_restraints_2:803	
B	6	C1'	B	6	C4'	7.240000	7.240000	AMBER_distance_restraints_2:780	
B	6	C1'	B	6	C5'	7.850001	7.850000	AMBER_distance_restraints_2:781;AMBER_distance_restraints_2:812	
B	6	C1'	B	6	C8	7.240000	7.240000	AMBER_distance_restraints_2:782	
B	6	C1'	B	7	C1'	7.240000	7.240000	AMBER_distance_restraints_2:817	
B	6	C1'	B	7	C3'	7.240000	7.240000	AMBER_distance_restraints_2:854	
B	6	C1'	B	7	C5'	6.280000	6.280000	AMBER_distance_restraints_2:783;AMBER_distance_restraints_2:864	
B	6	C1'	B	7	C6	7.240000	7.240000	AMBER_distance_restraints_2:784	
B	6	C1'	B	7	C7	8.240000	8.240000	AMBER_distance_restraints_2:874	
B	6	C1'	B	14	C1'	7.240000	7.240000	AMBER_distance_restraints_2:785	
B	6	C1'	B	14	C4'	7.240000	7.240000	AMBER_distance_restraints_2:786	
B	6	C2	B	6	N6	7.200000	7.200000	AMBER_distance_restraints_2:814	
B	6	C2	B	7	C1'	7.240000	7.240000	AMBER_distance_restraints_2:818	
B	6	C2	B	7	C4'	8.740000	8.740000	AMBER_distance_restraints_2:861	
B	6	C2	B	7	C6	8.740000	8.740000	AMBER_distance_restraints_2:868	
B	6	C2	B	7	N3	7.200000	7.200000	AMBER_distance_restraints_2:838	
B	6	C2	B	11	C2	7.240000	7.240000	AMBER_distance_restraints_2:787	
B	6	C2	B	12	C1'	8.740000	8.740000	AMBER_distance_restraints_2:1022	
B	6	C2	B	12	N3	5.800001	5.800000	AMBER_distance_restraints_2:1040	
B	6	C2	B	13	C1'	7.240000	7.240000	AMBER_distance_restraints_2:1075	
B	6	C2	B	13	C2'	7.240000	7.240000	AMBER_distance_restraints_2:1081;AMBER_distance_restraints_2:1088	
B	6	C2	B	13	N3	7.200000	7.200000	AMBER_distance_restraints_2:1093	
B	6	C2	B	14	C1'	7.240000	7.240000	AMBER_distance_restraints_2:1128	
B	6	C2	B	14	C5'	9.540000	9.540000	AMBER_distance_restraints_2:1157	
B	6	C2	B	14	C7	8.240000	8.240000	AMBER_distance_restraints_2:1161	
B	6	C2	B	14	N3	8.700000	8.700000	AMBER_distance_restraints_2:1147	
B	6	C2'	B	6	C3'	5.840000	5.840000	AMBER_distance_restraints_2:804	
B	6	C2'	B	6	C4'	7.240000	7.240000	AMBER_distance_restraints_2:790;AMBER_distance_restraints_2:796	
B	6	C2'	B	6	C5'	7.850001	7.850000	AMBER_distance_restraints_2:791;AMBER_distance_restraints_2:797	
B	6	C2'	B	6	C8	5.840000	5.840000	AMBER_distance_restraints_2:792;AMBER_distance_restraints_2:798	
B	6	C2'	B	7	C4'	7.240000	7.240000	AMBER_distance_restraints_2:799	
B	6	C2'	B	7	C5'	7.850001	7.850000	AMBER_distance_restraints_2:800	
B	6	C2'	B	7	C6	5.840000	5.840000	AMBER_distance_restraints_2:793;AMBER_distance_restraints_2:801	
B	6	C2'	B	7	C7	8.240000	8.240000	AMBER_distance_restraints_2:794;AMBER_distance_restraints_2:802	
B	6	C3'	B	6	C4'	5.840000	5.840000	AMBER_distance_restraints_2:805	
B	6	C3'	B	6	C5'	6.280000	6.280000	AMBER_distance_restraints_2:806	
B	6	C3'	B	6	C8	5.840000	5.840000	AMBER_distance_restraints_2:807	
B	6	C3'	B	7	C6	7.240000	7.240000	AMBER_distance_restraints_2:808	
B	6	C3'	B	7	C7	8.240000	8.240000	AMBER_distance_restraints_2:809	
B	6	C4'	B	6	C5'	6.280000	6.280000	AMBER_distance_restraints_2:813	
B	6	C4'	B	6	C8	7.240000	7.240000	AMBER_distance_restraints_2:810	
B	6	C5'	B	6	C8	7.850001	7.850000	AMBER_distance_restraints_2:811	
B	6	C8	B	7	C6	7.240000	7.240000	AMBER_distance_restraints_2:869	
B	6	C8	B	7	C7	6.560001	6.560000	AMBER_distance_restraints_2:875	
B	6	N1	B	12	N3	3.180000	3.180000	AMBER_distance_restraints_1:5	
B	6	N6	B	11	C2	8.700000	8.700000	AMBER_distance_restraints_2:815	
B	6	N6	B	12	O4	3.180000	3.180000	AMBER_distance_restraints_1:6	
B	6	N6	B	14	N3	7.160000	7.160000	AMBER_distance_restraints_2:816	
B	7	C1'	B	7	C2'	5.840000	5.840000	AMBER_distance_restraints_2:825;AMBER_distance_restraints_2:830	
B	7	C1'	B	7	C3'	8.740000	8.740000	AMBER_distance_restraints_2:855	
B	7	C1'	B	7	C4'	5.840000	5.840000	AMBER_distance_restraints_2:862	
B	7	C1'	B	7	C5'	7.850001	7.850000	AMBER_distance_restraints_2:819;AMBER_distance_restraints_2:865	
B	7	C1'	B	7	C6	7.240000	7.240000	AMBER_distance_restraints_2:820	
B	7	C1'	B	7	C7	10.050000	10.050000	AMBER_distance_restraints_2:821	
B	7	C1'	B	8	C2'	7.240000	7.240000	AMBER_distance_restraints_2:889	
B	7	C1'	B	8	C3'	7.240000	7.240000	AMBER_distance_restraints_2:895	
B	7	C1'	B	8	C6	5.840000	5.840000	AMBER_distance_restraints_2:822	
B	7	C1'	B	9	C6	8.740000	8.740000	AMBER_distance_restraints_2:823	
B	7	C1'	B	9	C7	8.240000	8.240000	AMBER_distance_restraints_2:940	
B	7	C1'	B	11	C2	8.740000	8.740000	AMBER_distance_restraints_2:824	
B	7	C1'	B	13	N3	5.800001	5.800000	AMBER_distance_restraints_2:1094	
B	7	C2'	B	7	C3'	5.840000	5.840000	AMBER_distance_restraints_2:856	
B	7	C2'	B	7	C4'	7.240000	7.240000	AMBER_distance_restraints_2:863	
B	7	C2'	B	7	C6	5.840000	5.840000	AMBER_distance_restraints_2:827;AMBER_distance_restraints_2:831	
B	7	C2'	B	7	C7	8.240000	8.240000	AMBER_distance_restraints_2:828;AMBER_distance_restraints_2:832	
B	7	C2'	B	7	N3	8.700000	8.700000	AMBER_distance_restraints_2:839	
B	7	C2'	B	8	C1'	8.740000	8.740000	AMBER_distance_restraints_2:833	
B	7	C2'	B	8	C3'	7.240000	7.240000	AMBER_distance_restraints_2:896	
B	7	C2'	B	8	C4'	8.740000	8.740000	AMBER_distance_restraints_2:834	
B	7	C2'	B	8	C6	7.240000	7.240000	AMBER_distance_restraints_2:829;AMBER_distance_restraints_2:835	
B	7	C2'	B	9	C7	6.560001	6.560000	AMBER_distance_restraints_2:836	
B	7	C2'	B	13	N3	7.200000	7.200000	AMBER_distance_restraints_2:1095	
B	7	C3'	B	7	C4'	5.840000	5.840000	AMBER_distance_restraints_2:857	
B	7	C3'	B	7	C6	7.240000	7.240000	AMBER_distance_restraints_2:858	
B	7	C3'	B	8	C6	8.740000	8.740000	AMBER_distance_restraints_2:859	
B	7	C3'	B	9	C7	10.050000	10.050000	AMBER_distance_restraints_2:860	
B	7	C4'	B	7	C6	7.240000	7.240000	AMBER_distance_restraints_2:870	
B	7	C4'	B	8	C7	6.560001	6.560000	AMBER_distance_restraints_2:909	
B	7	C4'	B	13	N3	7.200000	7.200000	AMBER_distance_restraints_2:1096	
B	7	C5'	B	7	C6	7.850001	7.850000	AMBER_distance_restraints_2:866;AMBER_distance_restraints_2:871	
B	7	C5'	B	8	C6	9.540000	9.540000	AMBER_distance_restraints_2:867	
B	7	C6	B	7	C7	6.560001	6.560000	AMBER_distance_restraints_2:876	
B	7	C6	B	7	N3	8.700000	8.700000	AMBER_distance_restraints_2:840	
B	7	C6	B	8	C6	8.740000	8.740000	AMBER_distance_restraints_2:872	
B	7	C6	B	9	C6	8.740000	8.740000	AMBER_distance_restraints_2:873	
B	7	C6	B	9	C7	6.560001	6.560000	AMBER_distance_restraints_2:941	
B	7	C6	B	13	N3	8.700000	8.700000	AMBER_distance_restraints_2:1097	
B	7	C7	B	7	N3	10.010000	10.010000	AMBER_distance_restraints_2:841	
B	7	C7	B	9	C7	7.430001	7.430000	AMBER_distance_restraints_2:877	
B	7	C7	B	11	N6	10.010000	10.010000	AMBER_distance_restraints_2:1015	
B	7	C7	B	12	N3	10.010000	10.010000	AMBER_distance_restraints_2:1041	
B	7	N3	B	9	C1'	7.200000	7.200000	AMBER_distance_restraints_2:842	
B	7	N3	B	9	C3'	8.700000	8.700000	AMBER_distance_restraints_2:843	
B	7	N3	B	9	C4'	7.200000	7.200000	AMBER_distance_restraints_2:844	
B	7	N3	B	9	C5'	9.500000	9.500000	AMBER_distance_restraints_2:845	
B	7	N3	B	9	C6	7.200000	7.200000	AMBER_distance_restraints_2:846	
B	7	N3	B	9	C7	10.010000	10.010000	AMBER_distance_restraints_2:847	
B	7	N3	B	11	C2	5.800001	5.800000	AMBER_distance_restraints_2:848	
B	7	N3	B	11	N1	3.180000	3.180000	AMBER_distance_restraints_1:7	
B	7	N3	B	11	N6	7.160000	7.160000	AMBER_distance_restraints_2:849	
B	7	N3	B	12	C7	10.010000	10.010000	AMBER_distance_restraints_2:851	
B	7	N3	B	12	N3	8.660000	8.660000	AMBER_distance_restraints_2:850	
B	7	N3	B	13	C7	10.010000	10.010000	AMBER_distance_restraints_2:853	
B	7	N3	B	13	N3	7.160000	7.160000	AMBER_distance_restraints_2:852	
B	7	O4	B	11	N6	3.180000	3.180000	AMBER_distance_restraints_1:8	
B	8	C1'	B	8	C2'	5.840000	5.840000	AMBER_distance_restraints_2:884;AMBER_distance_restraints_2:890	
B	8	C1'	B	8	C3'	7.240000	7.240000	AMBER_distance_restraints_2:897	
B	8	C1'	B	8	C4'	5.840000	5.840000	AMBER_distance_restraints_2:878	
B	8	C1'	B	8	C5'	7.850001	7.850000	AMBER_distance_restraints_2:879	
B	8	C1'	B	8	C6	7.240000	7.240000	AMBER_distance_restraints_2:880	
B	8	C1'	B	8	C7	10.050000	10.050000	AMBER_distance_restraints_2:910	
B	8	C1'	B	9	C4'	8.740000	8.740000	AMBER_distance_restraints_2:881	
B	8	C1'	B	9	C5'	7.850001	7.850000	AMBER_distance_restraints_2:935	
B	8	C1'	B	9	C6	8.740000	8.740000	AMBER_distance_restraints_2:882	
B	8	C1'	B	9	C7	10.050000	10.050000	AMBER_distance_restraints_2:942	
B	8	C1'	B	11	C2	8.740000	8.740000	AMBER_distance_restraints_2:883	
B	8	C1'	B	13	C7	10.050000	10.050000	AMBER_distance_restraints_2:1123	
B	8	C1'	B	13	N3	7.200000	7.200000	AMBER_distance_restraints_2:1098	
B	8	C2'	B	8	C3'	5.840000	5.840000	AMBER_distance_restraints_2:886;AMBER_distance_restraints_2:898	
B	8	C2'	B	8	C4'	7.240000	7.240000	AMBER_distance_restraints_2:891	
B	8	C2'	B	8	C6	5.840000	5.840000	AMBER_distance_restraints_2:887;AMBER_distance_restraints_2:892	
B	8	C2'	B	9	C6	7.240000	7.240000	AMBER_distance_restraints_2:888;AMBER_distance_restraints_2:893	
B	8	C2'	B	11	C2	8.740000	8.740000	AMBER_distance_restraints_2:894	
B	8	C2'	B	13	N3	5.800001	5.800000	AMBER_distance_restraints_2:1099	
B	8	C3'	B	8	C4'	5.840000	5.840000	AMBER_distance_restraints_2:899	
B	8	C3'	B	8	C5'	7.850001	7.850000	AMBER_distance_restraints_2:907	
B	8	C3'	B	8	C6	7.240000	7.240000	AMBER_distance_restraints_2:900	
B	8	C3'	B	9	C6	7.240000	7.240000	AMBER_distance_restraints_2:901	
B	8	C3'	B	9	C7	8.240000	8.240000	AMBER_distance_restraints_2:902	
B	8	C3'	B	13	N3	7.200000	7.200000	AMBER_distance_restraints_2:903	
B	8	C4'	B	8	C5'	6.280000	6.280000	AMBER_distance_restraints_2:908	
B	8	C4'	B	8	C6	7.240000	7.240000	AMBER_distance_restraints_2:904	
B	8	C4'	B	9	C7	10.050000	10.050000	AMBER_distance_restraints_2:943	
B	8	C4'	B	13	N3	8.700000	8.700000	AMBER_distance_restraints_2:1100	
B	8	C5'	B	8	C6	7.850001	7.850000	AMBER_distance_restraints_2:905	
B	8	C5'	B	9	C7	11.000000	11.000000	AMBER_distance_restraints_2:906	
B	8	C6	B	8	C7	6.560001	6.560000	AMBER_distance_restraints_2:911	
B	8	C6	B	9	C7	10.050000	10.050000	AMBER_distance_restraints_2:944	
B	8	C6	B	13	N3	7.200000	7.200000	AMBER_distance_restraints_2:1101	
B	8	C7	B	13	C1'	8.240000	8.240000	AMBER_distance_restraints_2:1076	
B	8	C7	B	13	N3	10.010000	10.010000	AMBER_distance_restraints_2:1102	
B	9	C1'	B	9	C2'	5.840000	5.840000	AMBER_distance_restraints_2:915;AMBER_distance_restraints_2:922	
B	9	C1'	B	9	C3'	7.240000	7.240000	AMBER_distance_restraints_2:928	
B	9	C1'	B	9	C4'	7.240000	7.240000	AMBER_distance_restraints_2:932	
B	9	C1'	B	9	C6	7.240000	7.240000	AMBER_distance_restraints_2:913	
B	9	C1'	B	9	C7	10.050000	10.050000	AMBER_distance_restraints_2:945	
B	9	C1'	B	10	C5	7.240000	7.240000	AMBER_distance_restraints_2:970	
B	9	C1'	B	10	C5'	9.540000	9.540000	AMBER_distance_restraints_2:973	
B	9	C1'	B	10	C6	7.240000	7.240000	AMBER_distance_restraints_2:914	
B	9	C1'	B	11	N6	7.200000	7.200000	AMBER_distance_restraints_2:1016	
B	9	C2'	B	9	C3'	5.840000	5.840000	AMBER_distance_restraints_2:917;AMBER_distance_restraints_2:923	
B	9	C2'	B	9	C4'	7.240000	7.240000	AMBER_distance_restraints_2:918;AMBER_distance_restraints_2:924	
B	9	C2'	B	9	C6	5.840000	5.840000	AMBER_distance_restraints_2:919;AMBER_distance_restraints_2:925	
B	9	C2'	B	9	C7	8.240000	8.240000	AMBER_distance_restraints_2:920;AMBER_distance_restraints_2:926	
B	9	C2'	B	10	C6	7.240000	7.240000	AMBER_distance_restraints_2:921;AMBER_distance_restraints_2:927	
B	9	C3'	B	9	C4'	7.240000	7.240000	AMBER_distance_restraints_2:933	
B	9	C3'	B	9	C6	7.240000	7.240000	AMBER_distance_restraints_2:929	
B	9	C3'	B	10	C6	8.740000	8.740000	AMBER_distance_restraints_2:930	
B	9	C3'	B	11	C2	8.740000	8.740000	AMBER_distance_restraints_2:931	
B	9	C4'	B	9	C5'	6.280000	6.280000	AMBER_distance_restraints_2:936	
B	9	C4'	B	9	C6	7.240000	7.240000	AMBER_distance_restraints_2:934	
B	9	C4'	B	10	C5'	7.850001	7.850000	AMBER_distance_restraints_2:974;AMBER_distance_restraints_2:983	
B	9	C4'	B	11	N6	8.700000	8.700000	AMBER_distance_restraints_2:1017	
B	9	C4'	B	12	N3	8.700000	8.700000	AMBER_distance_restraints_2:1042	
B	9	C4'	B	13	N3	8.700000	8.700000	AMBER_distance_restraints_2:1103	
B	9	C5'	B	9	C6	7.850001	7.850000	AMBER_distance_restraints_2:937	
B	9	C5'	B	11	C2	7.850001	7.850000	AMBER_distance_restraints_2:938	
B	9	C5'	B	13	N3	9.500000	9.500000	AMBER_distance_restraints_2:1104	
B	9	C6	B	9	C7	6.560001	6.560000	AMBER_distance_restraints_2:946	
B	9	C6	B	10	C5	8.740000	8.740000	AMBER_distance_restraints_2:971	
B	9	C6	B	11	C2	7.240000	7.240000	AMBER_distance_restraints_2:939	
B	9	C6	B	13	N3	8.700000	8.700000	AMBER_distance_restraints_2:1105	
B	9	C7	B	13	N3	10.010000	10.010000	AMBER_distance_restraints_2:1106	
B	10	C1'	B	10	C2'	5.840000	5.840000	AMBER_distance_restraints_2:950;AMBER_distance_restraints_2:957	
B	10	C1'	B	10	C3'	7.240000	7.240000	AMBER_distance_restraints_2:963	
B	10	C1'	B	10	C4'	7.240000	7.240000	AMBER_distance_restraints_2:947	
B	10	C1'	B	10	C5'	7.850001	7.850000	AMBER_distance_restraints_2:975	
B	10	C1'	B	10	C6	7.240000	7.240000	AMBER_distance_restraints_2:948	
B	10	C1'	B	11	C8	7.240000	7.240000	AMBER_distance_restraints_2:949	
B	10	C2'	B	10	C3'	5.840000	5.840000	AMBER_distance_restraints_2:952;AMBER_distance_restraints_2:958	
B	10	C2'	B	10	C4'	7.240000	7.240000	AMBER_distance_restraints_2:953;AMBER_distance_restraints_2:959	
B	10	C2'	B	10	C5'	7.850001	7.850000	AMBER_distance_restraints_2:954;AMBER_distance_restraints_2:960	
B	10	C2'	B	10	C6	5.840000	5.840000	AMBER_distance_restraints_2:955;AMBER_distance_restraints_2:961	
B	10	C2'	B	11	C8	8.740000	8.740000	AMBER_distance_restraints_2:956;AMBER_distance_restraints_2:962	
B	10	C3'	B	10	C4'	5.840000	5.840000	AMBER_distance_restraints_2:966	
B	10	C3'	B	10	C5'	6.280000	6.280000	AMBER_distance_restraints_2:976	
B	10	C3'	B	10	C6	7.240000	7.240000	AMBER_distance_restraints_2:964	
B	10	C3'	B	11	C8	7.240000	7.240000	AMBER_distance_restraints_2:965	
B	10	C4'	B	10	C5'	6.280000	6.280000	AMBER_distance_restraints_2:977	
B	10	C4'	B	10	C6	7.240000	7.240000	AMBER_distance_restraints_2:967	
B	10	C4'	B	11	C8	7.240000	7.240000	AMBER_distance_restraints_2:968	
B	10	C5	B	10	C6	5.840000	5.840000	AMBER_distance_restraints_2:972	
B	10	C5'	B	10	C6	7.850001	7.850000	AMBER_distance_restraints_2:978;AMBER_distance_restraints_2:984	
B	10	C5'	B	11	C1'	7.850001	7.850000	AMBER_distance_restraints_2:979	
B	10	C5'	B	11	C2	9.540000	9.540000	AMBER_distance_restraints_2:980	
B	10	C5'	B	11	C5'	8.540000	8.540000	AMBER_distance_restraints_2:981	
B	10	C5'	B	11	C8	7.850001	7.850000	AMBER_distance_restraints_2:982	
B	10	C5'	B	12	C7	8.980000	8.980000	AMBER_distance_restraints_2:985	
B	10	C6	B	11	C8	7.240000	7.240000	AMBER_distance_restraints_2:1020	
B	10	C6	B	11	N6	8.700000	8.700000	AMBER_distance_restraints_2:1018	
B	11	C1'	B	11	C2	7.240000	7.240000	AMBER_distance_restraints_2:987	
B	11	C1'	B	11	C2'	5.840000	5.840000	AMBER_distance_restraints_2:991;AMBER_distance_restraints_2:997	
B	11	C1'	B	11	C3'	7.240000	7.240000	AMBER_distance_restraints_2:1003	
B	11	C1'	B	11	C4'	5.840000	5.840000	AMBER_distance_restraints_2:1008	
B	11	C1'	B	11	C5'	7.850001	7.850000	AMBER_distance_restraints_2:988	
B	11	C1'	B	11	C8	7.240000	7.240000	AMBER_distance_restraints_2:989	
B	11	C1'	B	12	C1'	7.240000	7.240000	AMBER_distance_restraints_2:1023	
B	11	C1'	B	12	C6	5.840000	5.840000	AMBER_distance_restraints_2:990	
B	11	C1'	B	12	C7	8.240000	8.240000	AMBER_distance_restraints_2:1070	
B	11	C1'	B	13	C7	8.240000	8.240000	AMBER_distance_restraints_2:1124	
B	11	C2	B	12	C1'	7.240000	7.240000	AMBER_distance_restraints_2:1024	
B	11	C2	B	12	C6	8.740000	8.740000	AMBER_distance_restraints_2:1066	
B	11	C2	B	12	N3	7.200000	7.200000	AMBER_distance_restraints_2:1043	
B	11	C2	B	13	C7	8.240000	8.240000	AMBER_distance_restraints_2:1125	
B	11	C2	B	13	N3	5.800001	5.800000	AMBER_distance_restraints_2:1107	
B	11	C2'	B	11	C3'	5.840000	5.840000	AMBER_distance_restraints_2:1004	
B	11	C2'	B	11	C4'	7.240000	7.240000	AMBER_distance_restraints_2:993;AMBER_distance_restraints_2:998	
B	11	C2'	B	11	C8	5.840000	5.840000	AMBER_distance_restraints_2:994;AMBER_distance_restraints_2:999	
B	11	C2'	B	12	C6	5.840000	5.840000	AMBER_distance_restraints_2:995;AMBER_distance_restraints_2:1000	
B	11	C2'	B	12	C7	6.560001	6.560000	AMBER_distance_restraints_2:996;AMBER_distance_restraints_2:1001	
B	11	C3'	B	11	C4'	5.840000	5.840000	AMBER_distance_restraints_2:1005	
B	11	C3'	B	11	C8	7.240000	7.240000	AMBER_distance_restraints_2:1006	
B	11	C3'	B	12	C6	8.740000	8.740000	AMBER_distance_restraints_2:1007	
B	11	C3'	B	12	C7	8.240000	8.240000	AMBER_distance_restraints_2:647	
B	11	C4'	B	11	C5'	6.280000	6.280000	AMBER_distance_restraints_2:1011	
B	11	C4'	B	11	C8	7.240000	7.240000	AMBER_distance_restraints_2:1009	
B	11	C4'	B	12	C6	8.740000	8.740000	AMBER_distance_restraints_2:1010	
B	11	C4'	B	12	C7	10.050000	10.050000	AMBER_distance_restraints_2:1071	
B	11	C5'	B	11	C8	7.850001	7.850000	AMBER_distance_restraints_2:1012	
B	11	C8	B	12	C6	7.240000	7.240000	AMBER_distance_restraints_2:1021	
B	11	C8	B	12	C7	6.560001	6.560000	AMBER_distance_restraints_2:1072	
B	11	N6	B	12	N3	7.160000	7.160000	AMBER_distance_restraints_2:1019	
B	12	C1'	B	12	C2'	5.840000	5.840000	AMBER_distance_restraints_2:1029;AMBER_distance_restraints_2:1035	
B	12	C1'	B	12	C3'	7.240000	7.240000	AMBER_distance_restraints_2:1052	
B	12	C1'	B	12	C4'	7.240000	7.240000	AMBER_distance_restraints_2:1025	
B	12	C1'	B	12	C5'	7.850001	7.850000	AMBER_distance_restraints_2:1063	
B	12	C1'	B	12	C6	7.240000	7.240000	AMBER_distance_restraints_2:1026	
B	12	C1'	B	12	C7	10.050000	10.050000	AMBER_distance_restraints_2:1073	
B	12	C1'	B	12	N3	8.700000	8.700000	AMBER_distance_restraints_2:1044	
B	12	C1'	B	13	C6	5.840000	5.840000	AMBER_distance_restraints_2:1027	
B	12	C1'	B	13	C7	6.560001	6.560000	AMBER_distance_restraints_2:1028	
B	12	C1'	B	13	N3	8.700000	8.700000	AMBER_distance_restraints_2:1108	
B	12	C1'	B	14	C7	8.240000	8.240000	AMBER_distance_restraints_2:1162	
B	12	C2'	B	12	C3'	7.240000	7.240000	AMBER_distance_restraints_2:1031;AMBER_distance_restraints_2:1036	
B	12	C2'	B	12	C5'	6.280000	6.280000	AMBER_distance_restraints_2:1032	
B	12	C2'	B	12	C6	5.840000	5.840000	AMBER_distance_restraints_2:1033;AMBER_distance_restraints_2:1037	
B	12	C2'	B	12	C7	8.240000	8.240000	AMBER_distance_restraints_2:1034	
B	12	C2'	B	14	C7	6.560001	6.560000	AMBER_distance_restraints_2:1038;AMBER_distance_restraints_2:1163	
B	12	C3'	B	12	C4'	5.840000	5.840000	AMBER_distance_restraints_2:1053	
B	12	C3'	B	12	C5'	6.280000	6.280000	AMBER_distance_restraints_2:1054;AMBER_distance_restraints_2:1064	
B	12	C3'	B	12	C6	7.240000	7.240000	AMBER_distance_restraints_2:1055	
B	12	C3'	B	13	C6	7.240000	7.240000	AMBER_distance_restraints_2:1056	
B	12	C4'	B	12	C5'	6.280000	6.280000	AMBER_distance_restraints_2:1060	
B	12	C4'	B	12	C6	7.240000	7.240000	AMBER_distance_restraints_2:1057	
B	12	C4'	B	12	C7	10.050000	10.050000	AMBER_distance_restraints_2:1058	
B	12	C4'	B	13	C7	6.560001	6.560000	AMBER_distance_restraints_2:1059	
B	12	C5'	B	12	C6	7.850001	7.850000	AMBER_distance_restraints_2:1061	
B	12	C5'	B	12	C7	11.000000	11.000000	AMBER_distance_restraints_2:1062	
B	12	C6	B	12	C7	6.560001	6.560000	AMBER_distance_restraints_2:1074	
B	12	C6	B	12	N3	8.700000	8.700000	AMBER_distance_restraints_2:1045	
B	12	C6	B	13	C6	8.740000	8.740000	AMBER_distance_restraints_2:1067	
B	12	C6	B	14	C7	10.050000	10.050000	AMBER_distance_restraints_2:1164	
B	12	C7	B	12	N3	10.010000	10.010000	AMBER_distance_restraints_2:1046	
B	12	C7	B	14	N3	8.200000	8.200000	AMBER_distance_restraints_2:1148	
B	12	N3	B	13	C2'	8.700000	8.700000	AMBER_distance_restraints_2:1047	
B	12	N3	B	13	N3	8.660000	8.660000	AMBER_distance_restraints_2:1048	
B	12	N3	B	14	C6	8.700000	8.700000	AMBER_distance_restraints_2:1050	
B	12	N3	B	14	C7	8.200000	8.200000	AMBER_distance_restraints_2:1051	
B	12	N3	B	14	N3	7.160000	7.160000	AMBER_distance_restraints_2:1049	
B	13	C1'	B	13	C2'	5.840000	5.840000	AMBER_distance_restraints_2:1082;AMBER_distance_restraints_2:1089	
B	13	C1'	B	13	C3'	7.240000	7.240000	AMBER_distance_restraints_2:1112	
B	13	C1'	B	13	C4'	5.840000	5.840000	AMBER_distance_restraints_2:1118	
B	13	C1'	B	13	C5'	9.540000	9.540000	AMBER_distance_restraints_2:1077	
B	13	C1'	B	13	C6	7.240000	7.240000	AMBER_distance_restraints_2:1078	
B	13	C1'	B	13	C7	8.240000	8.240000	AMBER_distance_restraints_2:1079	
B	13	C1'	B	13	N3	7.200000	7.200000	AMBER_distance_restraints_2:1109	
B	13	C1'	B	14	C6	7.240000	7.240000	AMBER_distance_restraints_2:1080	
B	13	C1'	B	14	C7	8.240000	8.240000	AMBER_distance_restraints_2:1165	
B	13	C2'	B	13	C3'	7.240000	7.240000	AMBER_distance_restraints_2:1113	
B	13	C2'	B	13	C4'	7.240000	7.240000	AMBER_distance_restraints_2:1084;AMBER_distance_restraints_2:1090	
B	13	C2'	B	13	C6	5.840000	5.840000	AMBER_distance_restraints_2:1085;AMBER_distance_restraints_2:1091	
B	13	C2'	B	14	C6	5.840000	5.840000	AMBER_distance_restraints_2:1086;AMBER_distance_restraints_2:1092	
B	13	C2'	B	14	C7	6.560001	6.560000	AMBER_distance_restraints_2:1087;AMBER_distance_restraints_2:1166	
B	13	C3'	B	13	C4'	5.840000	5.840000	AMBER_distance_restraints_2:1114	
B	13	C3'	B	13	C5'	6.280000	6.280000	AMBER_distance_restraints_2:1115	
B	13	C3'	B	13	C6	7.240000	7.240000	AMBER_distance_restraints_2:1116	
B	13	C3'	B	14	C6	7.240000	7.240000	AMBER_distance_restraints_2:1117	
B	13	C4'	B	13	C5'	6.280000	6.280000	AMBER_distance_restraints_2:1120	
B	13	C4'	B	13	C6	7.240000	7.240000	AMBER_distance_restraints_2:1119	
B	13	C4'	B	14	C6	8.740000	8.740000	AMBER_distance_restraints_2:1160	
B	13	C4'	B	14	C7	8.240000	8.240000	AMBER_distance_restraints_2:1167	
B	13	C5'	B	13	C6	7.850001	7.850000	AMBER_distance_restraints_2:1121	
B	13	C5'	B	14	C7	8.980000	8.980000	AMBER_distance_restraints_2:1122	
B	13	C6	B	13	C7	6.560001	6.560000	AMBER_distance_restraints_2:1126	
B	13	C6	B	13	N3	8.700000	8.700000	AMBER_distance_restraints_2:1110	
B	13	C6	B	14	C7	8.240000	8.240000	AMBER_distance_restraints_2:1168	
B	13	C7	B	13	N3	8.200000	8.200000	AMBER_distance_restraints_2:1111	
B	14	C1'	B	14	C2'	5.840000	5.840000	AMBER_distance_restraints_2:1129;AMBER_distance_restraints_2:1133;AMBER_distance_restraints_2:1140	
B	14	C1'	B	14	C6	7.240000	7.240000	AMBER_distance_restraints_2:1131	
B	14	C1'	B	14	N3	8.700000	8.700000	AMBER_distance_restraints_2:1130	
B	14	C2'	B	14	C3'	5.840000	5.840000	AMBER_distance_restraints_2:1135;AMBER_distance_restraints_2:1151	
B	14	C2'	B	14	C6	5.840000	5.840000	AMBER_distance_restraints_2:1136;AMBER_distance_restraints_2:1141	
B	14	C2'	B	14	C7	8.240000	8.240000	AMBER_distance_restraints_2:1137	
B	14	C2'	B	15	C4'	8.740000	8.740000	AMBER_distance_restraints_2:1138	
B	14	C2'	B	15	C5'	7.850001	7.850000	AMBER_distance_restraints_2:1139;AMBER_distance_restraints_2:1142	
B	14	C2'	B	15	C6	7.240000	7.240000	AMBER_distance_restraints_2:1143	
B	14	C3'	B	14	C4'	5.840000	5.840000	AMBER_distance_restraints_2:1152	
B	14	C3'	B	14	C6	5.840000	5.840000	AMBER_distance_restraints_2:1153	
B	14	C3'	B	14	C7	8.240000	8.240000	AMBER_distance_restraints_2:1154	
B	14	C3'	B	15	C5	8.740000	8.740000	AMBER_distance_restraints_2:1155	
B	14	C3'	B	15	C6	7.240000	7.240000	AMBER_distance_restraints_2:1156	
B	14	C5'	B	14	C6	7.850001	7.850000	AMBER_distance_restraints_2:1158	
B	14	C6	B	14	C7	6.560001	6.560000	AMBER_distance_restraints_2:1169	
B	14	C6	B	14	N3	8.700000	8.700000	AMBER_distance_restraints_2:1149	
B	14	C7	B	14	N3	8.200000	8.200000	AMBER_distance_restraints_2:1150	
B	15	C1'	B	15	C2'	5.840000	5.840000	AMBER_distance_restraints_2:1174;AMBER_distance_restraints_2:1177	
B	15	C1'	B	15	C3'	7.240000	7.240000	AMBER_distance_restraints_2:1180	
B	15	C1'	B	15	C4'	5.840000	5.840000	AMBER_distance_restraints_2:1172	
B	15	C1'	B	15	C5'	7.850001	7.850000	AMBER_distance_restraints_2:1173	
B	15	C1'	B	15	C6	5.840000	5.840000	AMBER_distance_restraints_2:1194	
B	15	C2'	B	15	C3'	5.840000	5.840000	AMBER_distance_restraints_2:1175;AMBER_distance_restraints_2:1178	
B	15	C2'	B	15	C4'	7.240000	7.240000	AMBER_distance_restraints_2:1183	
B	15	C2'	B	15	C6	5.840000	5.840000	AMBER_distance_restraints_2:1176;AMBER_distance_restraints_2:1179	
B	15	C3'	B	15	C4'	5.840000	5.840000	AMBER_distance_restraints_2:1184	
B	15	C3'	B	15	C5	7.240000	7.240000	AMBER_distance_restraints_2:1181	
B	15	C3'	B	15	C6	5.840000	5.840000	AMBER_distance_restraints_2:1182	
B	15	C4'	B	15	C5'	6.280000	6.280000	AMBER_distance_restraints_2:1185	
B	15	C4'	B	15	C6	7.240000	7.240000	AMBER_distance_restraints_2:1186	
B	15	C5	B	15	C6	5.840000	5.840000	AMBER_distance_restraints_2:1192	
B	15	C5'	B	15	C6	7.850001	7.850000	AMBER_distance_restraints_2:1193	
