group_id	restraint_id	alternative_number	chain_1	residue_index_1	atom_1	chain_2	residue_index_2	atom_2	max_distance_A	raw_projected_distance_A	boltz_adjustment	averaging_factor	explicit_pair_count	source_rows	source_endpoints	reason_not_emitted
CNS_distance_restraints_1:4	4	1	A	3	N	A	55	CD1	11.905645			1.34800615	6	6;7;8;9;10;11	A:19:THR:HN -- A:71:LEU:HD*	The original restraint is a disjunction whose alternatives map to multiple distinct heavy-atom pairs. Emitting all pairs would convert OR into AND.
CNS_distance_restraints_1:4	4	2	A	3	N	A	55	CD2	11.905645			1.34800615	6	6;7;8;9;10;11	A:19:THR:HN -- A:71:LEU:HD*	The original restraint is a disjunction whose alternatives map to multiple distinct heavy-atom pairs. Emitting all pairs would convert OR into AND.
CNS_distance_restraints_1:32	32	1	A	6	N	A	53	CG1	10.759840			1.34800615	6	58;59;60;61;62;63	A:22:ALA:HN -- A:69:VAL:HG*	The original restraint is a disjunction whose alternatives map to multiple distinct heavy-atom pairs. Emitting all pairs would convert OR into AND.
CNS_distance_restraints_1:32	32	2	A	6	N	A	53	CG2	10.759840			1.34800615	6	58;59;60;61;62;63	A:22:ALA:HN -- A:69:VAL:HG*	The original restraint is a disjunction whose alternatives map to multiple distinct heavy-atom pairs. Emitting all pairs would convert OR into AND.
CNS_distance_restraints_1:42	42	1	A	7	N	A	8	CD1	8.766403			1.12246205	2	79;80	A:23:LEU:HN -- A:24:TYR:HD*	The original restraint is a disjunction whose alternatives map to multiple distinct heavy-atom pairs. Emitting all pairs would convert OR into AND.
CNS_distance_restraints_1:42	42	2	A	7	N	A	8	CD2	8.766403			1.12246205	2	79;80	A:23:LEU:HN -- A:24:TYR:HD*	The original restraint is a disjunction whose alternatives map to multiple distinct heavy-atom pairs. Emitting all pairs would convert OR into AND.
CNS_distance_restraints_1:44	44	1	A	7	N	A	8	CE1	10.281727			1.12246205	2	82;83	A:23:LEU:HN -- A:24:TYR:HE*	The original restraint is a disjunction whose alternatives map to multiple distinct heavy-atom pairs. Emitting all pairs would convert OR into AND.
CNS_distance_restraints_1:44	44	2	A	7	N	A	8	CE2	10.281727			1.12246205	2	82;83	A:23:LEU:HN -- A:24:TYR:HE*	The original restraint is a disjunction whose alternatives map to multiple distinct heavy-atom pairs. Emitting all pairs would convert OR into AND.
CNS_distance_restraints_1:50	50	1	A	7	CD1	A	8	N	10.759840			1.34800615	6	91;92;93;94;95;96	A:24:TYR:HN -- A:23:LEU:HD*	The original restraint is a disjunction whose alternatives map to multiple distinct heavy-atom pairs. Emitting all pairs would convert OR into AND.
CNS_distance_restraints_1:50	50	2	A	7	CD2	A	8	N	10.759840			1.34800615	6	91;92;93;94;95;96	A:24:TYR:HN -- A:23:LEU:HD*	The original restraint is a disjunction whose alternatives map to multiple distinct heavy-atom pairs. Emitting all pairs would convert OR into AND.
CNS_distance_restraints_1:54	54	1	A	8	CD1	A	9	N	7.643941			1.12246205	2	100;101	A:25:ASP:HN -- A:24:TYR:HD*	The original restraint is a disjunction whose alternatives map to multiple distinct heavy-atom pairs. Emitting all pairs would convert OR into AND.
CNS_distance_restraints_1:54	54	2	A	8	CD2	A	9	N	7.643941			1.12246205	2	100;101	A:25:ASP:HN -- A:24:TYR:HD*	The original restraint is a disjunction whose alternatives map to multiple distinct heavy-atom pairs. Emitting all pairs would convert OR into AND.
CNS_distance_restraints_1:135	135	1	A	27	N	A	40	CG1	10.759840			1.34800615	6	210;211;212;213;214;215	A:43:THR:HN -- A:56:VAL:HG*	The original restraint is a disjunction whose alternatives map to multiple distinct heavy-atom pairs. Emitting all pairs would convert OR into AND.
CNS_distance_restraints_1:135	135	2	A	27	N	A	40	CG2	10.759840			1.34800615	6	210;211;212;213;214;215	A:43:THR:HN -- A:56:VAL:HG*	The original restraint is a disjunction whose alternatives map to multiple distinct heavy-atom pairs. Emitting all pairs would convert OR into AND.
CNS_distance_restraints_1:148	148	1	A	29	N	A	40	CG1	9.546634			1.34800615	6	232;233;234;235;236;237	A:45:ILE:HN -- A:56:VAL:HG*	The original restraint is a disjunction whose alternatives map to multiple distinct heavy-atom pairs. Emitting all pairs would convert OR into AND.
CNS_distance_restraints_1:148	148	2	A	29	N	A	40	CG2	9.546634			1.34800615	6	232;233;234;235;236;237	A:45:ILE:HN -- A:56:VAL:HG*	The original restraint is a disjunction whose alternatives map to multiple distinct heavy-atom pairs. Emitting all pairs would convert OR into AND.
CNS_distance_restraints_1:164	164	1	A	30	N	A	45	CE1	10.281727			1.12246205	2	256;257	A:46:GLU:HN -- A:61:TYR:HE*	The original restraint is a disjunction whose alternatives map to multiple distinct heavy-atom pairs. Emitting all pairs would convert OR into AND.
CNS_distance_restraints_1:164	164	2	A	30	N	A	45	CE2	10.281727			1.12246205	2	256;257	A:46:GLU:HN -- A:61:TYR:HE*	The original restraint is a disjunction whose alternatives map to multiple distinct heavy-atom pairs. Emitting all pairs would convert OR into AND.
CNS_distance_restraints_1:189	189	1	A	37	N	A	47	CD1	11.905645			1.34800615	6	297;298;299;300;301;302	A:53:TRP:HN -- A:63:LEU:HD*	The original restraint is a disjunction whose alternatives map to multiple distinct heavy-atom pairs. Emitting all pairs would convert OR into AND.
CNS_distance_restraints_1:189	189	2	A	37	N	A	47	CD2	11.905645			1.34800615	6	297;298;299;300;301;302	A:53:TRP:HN -- A:63:LEU:HD*	The original restraint is a disjunction whose alternatives map to multiple distinct heavy-atom pairs. Emitting all pairs would convert OR into AND.
CNS_distance_restraints_1:198	198	1	A	38	N	A	45	CE1	10.281727			1.12246205	2	314;315	A:54:ARG:HN -- A:61:TYR:HE*	The original restraint is a disjunction whose alternatives map to multiple distinct heavy-atom pairs. Emitting all pairs would convert OR into AND.
CNS_distance_restraints_1:198	198	2	A	38	N	A	45	CE2	10.281727			1.12246205	2	314;315	A:54:ARG:HN -- A:61:TYR:HE*	The original restraint is a disjunction whose alternatives map to multiple distinct heavy-atom pairs. Emitting all pairs would convert OR into AND.
CNS_distance_restraints_1:204	204	1	A	39	N	A	45	CE1	8.766403			1.12246205	2	323;324	A:55:GLY:HN -- A:61:TYR:HE*	The original restraint is a disjunction whose alternatives map to multiple distinct heavy-atom pairs. Emitting all pairs would convert OR into AND.
CNS_distance_restraints_1:204	204	2	A	39	N	A	45	CE2	8.766403			1.12246205	2	323;324	A:55:GLY:HN -- A:61:TYR:HE*	The original restraint is a disjunction whose alternatives map to multiple distinct heavy-atom pairs. Emitting all pairs would convert OR into AND.
CNS_distance_restraints_1:222	222	1	A	20	CE1	A	41	N	8.766403			1.12246205	2	351;352	A:57:CYS:HN -- A:36:PHE:HE*	The original restraint is a disjunction whose alternatives map to multiple distinct heavy-atom pairs. Emitting all pairs would convert OR into AND.
CNS_distance_restraints_1:222	222	2	A	20	CE2	A	41	N	8.766403			1.12246205	2	351;352	A:57:CYS:HN -- A:36:PHE:HE*	The original restraint is a disjunction whose alternatives map to multiple distinct heavy-atom pairs. Emitting all pairs would convert OR into AND.
CNS_distance_restraints_1:240	240	1	A	40	CG1	A	43	N	9.546634			1.34800615	6	375;376;377;378;379;380	A:59:GLY:HN -- A:56:VAL:HG*	The original restraint is a disjunction whose alternatives map to multiple distinct heavy-atom pairs. Emitting all pairs would convert OR into AND.
CNS_distance_restraints_1:240	240	2	A	40	CG2	A	43	N	9.546634			1.34800615	6	375;376;377;378;379;380	A:59:GLY:HN -- A:56:VAL:HG*	The original restraint is a disjunction whose alternatives map to multiple distinct heavy-atom pairs. Emitting all pairs would convert OR into AND.
CNS_distance_restraints_1:243	243	1	A	40	CG1	A	44	N	11.905645			1.34800615	6	383;384;385;386;387;388	A:60:ARG:HN -- A:56:VAL:HG*	The original restraint is a disjunction whose alternatives map to multiple distinct heavy-atom pairs. Emitting all pairs would convert OR into AND.
CNS_distance_restraints_1:243	243	2	A	40	CG2	A	44	N	11.905645			1.34800615	6	383;384;385;386;387;388	A:60:ARG:HN -- A:56:VAL:HG*	The original restraint is a disjunction whose alternatives map to multiple distinct heavy-atom pairs. Emitting all pairs would convert OR into AND.
CNS_distance_restraints_1:248	248	1	A	40	CG1	A	45	N	10.759840			1.34800615	6	394;395;396;397;398;399	A:61:TYR:HN -- A:56:VAL:HG*	The original restraint is a disjunction whose alternatives map to multiple distinct heavy-atom pairs. Emitting all pairs would convert OR into AND.
CNS_distance_restraints_1:248	248	2	A	40	CG2	A	45	N	10.759840			1.34800615	6	394;395;396;397;398;399	A:61:TYR:HN -- A:56:VAL:HG*	The original restraint is a disjunction whose alternatives map to multiple distinct heavy-atom pairs. Emitting all pairs would convert OR into AND.
CNS_distance_restraints_1:255	255	1	A	45	CD1	A	46	N	7.643941			1.12246205	2	406;407	A:62:GLY:HN -- A:61:TYR:HD*	The original restraint is a disjunction whose alternatives map to multiple distinct heavy-atom pairs. Emitting all pairs would convert OR into AND.
CNS_distance_restraints_1:255	255	2	A	45	CD2	A	46	N	7.643941			1.12246205	2	406;407	A:62:GLY:HN -- A:61:TYR:HD*	The original restraint is a disjunction whose alternatives map to multiple distinct heavy-atom pairs. Emitting all pairs would convert OR into AND.
CNS_distance_restraints_1:258	258	1	A	40	CG1	A	46	N	10.759840			1.34800615	6	411;412;413;414;415;416	A:62:GLY:HN -- A:56:VAL:HG*	The original restraint is a disjunction whose alternatives map to multiple distinct heavy-atom pairs. Emitting all pairs would convert OR into AND.
CNS_distance_restraints_1:258	258	2	A	40	CG2	A	46	N	10.759840			1.34800615	6	411;412;413;414;415;416	A:62:GLY:HN -- A:56:VAL:HG*	The original restraint is a disjunction whose alternatives map to multiple distinct heavy-atom pairs. Emitting all pairs would convert OR into AND.
CNS_distance_restraints_1:263	263	1	A	45	CE1	A	46	N	8.766403			1.12246205	2	421;422	A:62:GLY:HN -- A:61:TYR:HE*	The original restraint is a disjunction whose alternatives map to multiple distinct heavy-atom pairs. Emitting all pairs would convert OR into AND.
CNS_distance_restraints_1:263	263	2	A	45	CE2	A	46	N	8.766403			1.12246205	2	421;422	A:62:GLY:HN -- A:61:TYR:HE*	The original restraint is a disjunction whose alternatives map to multiple distinct heavy-atom pairs. Emitting all pairs would convert OR into AND.
CNS_distance_restraints_1:272	272	1	A	20	CE1	A	47	N	8.766403			1.12246205	2	433;434	A:63:LEU:HN -- A:36:PHE:HE*	The original restraint is a disjunction whose alternatives map to multiple distinct heavy-atom pairs. Emitting all pairs would convert OR into AND.
CNS_distance_restraints_1:272	272	2	A	20	CE2	A	47	N	8.766403			1.12246205	2	433;434	A:63:LEU:HN -- A:36:PHE:HE*	The original restraint is a disjunction whose alternatives map to multiple distinct heavy-atom pairs. Emitting all pairs would convert OR into AND.
CNS_distance_restraints_1:277	277	1	A	20	CD1	A	47	N	10.281727			1.12246205	2	440;441	A:63:LEU:HN -- A:36:PHE:HD*	The original restraint is a disjunction whose alternatives map to multiple distinct heavy-atom pairs. Emitting all pairs would convert OR into AND.
CNS_distance_restraints_1:277	277	2	A	20	CD2	A	47	N	10.281727			1.12246205	2	440;441	A:63:LEU:HN -- A:36:PHE:HD*	The original restraint is a disjunction whose alternatives map to multiple distinct heavy-atom pairs. Emitting all pairs would convert OR into AND.
CNS_distance_restraints_1:283	283	1	A	20	CE1	A	39	N	7.643941			1.12246205	2	450;451	A:55:GLY:HN -- A:36:PHE:HE*	The original restraint is a disjunction whose alternatives map to multiple distinct heavy-atom pairs. Emitting all pairs would convert OR into AND.
CNS_distance_restraints_1:283	283	2	A	20	CE2	A	39	N	7.643941			1.12246205	2	450;451	A:55:GLY:HN -- A:36:PHE:HE*	The original restraint is a disjunction whose alternatives map to multiple distinct heavy-atom pairs. Emitting all pairs would convert OR into AND.
CNS_distance_restraints_1:292	292	1	A	51	N	A	52	CD1	8.766403			1.12246205	2	464;465	A:67:ASN:HN -- A:68:TYR:HD*	The original restraint is a disjunction whose alternatives map to multiple distinct heavy-atom pairs. Emitting all pairs would convert OR into AND.
CNS_distance_restraints_1:292	292	2	A	51	N	A	52	CD2	8.766403			1.12246205	2	464;465	A:67:ASN:HN -- A:68:TYR:HD*	The original restraint is a disjunction whose alternatives map to multiple distinct heavy-atom pairs. Emitting all pairs would convert OR into AND.
CNS_distance_restraints_1:300	300	1	A	51	N	A	52	CE1	10.281727			1.12246205	2	478;479	A:67:ASN:HN -- A:68:TYR:HE*	The original restraint is a disjunction whose alternatives map to multiple distinct heavy-atom pairs. Emitting all pairs would convert OR into AND.
CNS_distance_restraints_1:300	300	2	A	51	N	A	52	CE2	10.281727			1.12246205	2	478;479	A:67:ASN:HN -- A:68:TYR:HE*	The original restraint is a disjunction whose alternatives map to multiple distinct heavy-atom pairs. Emitting all pairs would convert OR into AND.
CNS_distance_restraints_1:303	303	1	A	8	CD1	A	52	N	10.281727			1.12246205	2	484;485	A:68:TYR:HN -- A:24:TYR:HD*	The original restraint is a disjunction whose alternatives map to multiple distinct heavy-atom pairs. Emitting all pairs would convert OR into AND.
CNS_distance_restraints_1:303	303	2	A	8	CD2	A	52	N	10.281727			1.12246205	2	484;485	A:68:TYR:HN -- A:24:TYR:HD*	The original restraint is a disjunction whose alternatives map to multiple distinct heavy-atom pairs. Emitting all pairs would convert OR into AND.
CNS_distance_restraints_1:308	308	1	A	5	CG1	A	54	N	9.546634			1.34800615	6	493;494;495;496;497;498	A:70:GLU:HN -- A:21:VAL:HG*	The original restraint is a disjunction whose alternatives map to multiple distinct heavy-atom pairs. Emitting all pairs would convert OR into AND.
CNS_distance_restraints_1:308	308	2	A	5	CG2	A	54	N	9.546634			1.34800615	6	493;494;495;496;497;498	A:70:GLU:HN -- A:21:VAL:HG*	The original restraint is a disjunction whose alternatives map to multiple distinct heavy-atom pairs. Emitting all pairs would convert OR into AND.
CNS_distance_restraints_1:310	310	1	A	53	CG1	A	54	N	10.759840			1.34800615	6	502;503;504;505;506;507	A:70:GLU:HN -- A:69:VAL:HG*	The original restraint is a disjunction whose alternatives map to multiple distinct heavy-atom pairs. Emitting all pairs would convert OR into AND.
CNS_distance_restraints_1:310	310	2	A	53	CG2	A	54	N	10.759840			1.34800615	6	502;503;504;505;506;507	A:70:GLU:HN -- A:69:VAL:HG*	The original restraint is a disjunction whose alternatives map to multiple distinct heavy-atom pairs. Emitting all pairs would convert OR into AND.
CNS_distance_restraints_1:322	322	1	A	7	CD1	A	55	N	11.905645			1.34800615	6	527;528;529;530;531;532	A:71:LEU:HN -- A:23:LEU:HD*	The original restraint is a disjunction whose alternatives map to multiple distinct heavy-atom pairs. Emitting all pairs would convert OR into AND.
CNS_distance_restraints_1:322	322	2	A	7	CD2	A	55	N	11.905645			1.34800615	6	527;528;529;530;531;532	A:71:LEU:HN -- A:23:LEU:HD*	The original restraint is a disjunction whose alternatives map to multiple distinct heavy-atom pairs. Emitting all pairs would convert OR into AND.
CNS_distance_restraints_1:326	326	1	A	5	CG1	A	56	N	10.759840			1.34800615	6	538;539;540;541;542;543	A:72:ARG:HN -- A:21:VAL:HG*	The original restraint is a disjunction whose alternatives map to multiple distinct heavy-atom pairs. Emitting all pairs would convert OR into AND.
CNS_distance_restraints_1:326	326	2	A	5	CG2	A	56	N	10.759840			1.34800615	6	538;539;540;541;542;543	A:72:ARG:HN -- A:21:VAL:HG*	The original restraint is a disjunction whose alternatives map to multiple distinct heavy-atom pairs. Emitting all pairs would convert OR into AND.
CNS_distance_restraints_1:345	345	1	A	4	CA	A	53	CG1	12.147846			1.34800615	6	593;594;595;596;597;598	A:20:ALA:HA -- A:69:VAL:HG*	The original restraint is a disjunction whose alternatives map to multiple distinct heavy-atom pairs. Emitting all pairs would convert OR into AND.
CNS_distance_restraints_1:345	345	2	A	4	CA	A	53	CG2	12.147846			1.34800615	6	593;594;595;596;597;598	A:20:ALA:HA -- A:69:VAL:HG*	The original restraint is a disjunction whose alternatives map to multiple distinct heavy-atom pairs. Emitting all pairs would convert OR into AND.
CNS_distance_restraints_1:349	349	1	A	4	CA	A	5	CG1	9.586634			1.34800615	6	605;606;607;608;609;610	A:20:ALA:HA -- A:21:VAL:HG*	The original restraint is a disjunction whose alternatives map to multiple distinct heavy-atom pairs. Emitting all pairs would convert OR into AND.
CNS_distance_restraints_1:349	349	2	A	4	CA	A	5	CG2	9.586634			1.34800615	6	605;606;607;608;609;610	A:20:ALA:HA -- A:21:VAL:HG*	The original restraint is a disjunction whose alternatives map to multiple distinct heavy-atom pairs. Emitting all pairs would convert OR into AND.
CNS_distance_restraints_1:353	353	1	A	4	CB	A	53	CG1	11.062844			1.61887041	18	617;618;619;620;621;622;623;624;625;626;627;628;629;630;631;632;633;634	A:20:ALA:HB* -- A:69:VAL:HG*	The original restraint is a disjunction whose alternatives map to multiple distinct heavy-atom pairs. Emitting all pairs would convert OR into AND.
CNS_distance_restraints_1:353	353	2	A	4	CB	A	53	CG2	11.062844			1.61887041	18	617;618;619;620;621;622;623;624;625;626;627;628;629;630;631;632;633;634	A:20:ALA:HB* -- A:69:VAL:HG*	The original restraint is a disjunction whose alternatives map to multiple distinct heavy-atom pairs. Emitting all pairs would convert OR into AND.
CNS_distance_restraints_1:354	354	1	A	4	CB	A	5	CG1	11.062844			1.61887041	18	635;636;637;638;639;640;641;642;643;644;645;646;647;648;649;650;651;652	A:20:ALA:HB* -- A:21:VAL:HG*	The original restraint is a disjunction whose alternatives map to multiple distinct heavy-atom pairs. Emitting all pairs would convert OR into AND.
CNS_distance_restraints_1:354	354	2	A	4	CB	A	5	CG2	11.062844			1.61887041	18	635;636;637;638;639;640;641;642;643;644;645;646;647;648;649;650;651;652	A:20:ALA:HB* -- A:21:VAL:HG*	The original restraint is a disjunction whose alternatives map to multiple distinct heavy-atom pairs. Emitting all pairs would convert OR into AND.
CNS_distance_restraints_1:362	362	1	A	5	CG1	A	6	CA	9.775355			1.34800615	6	670;671;672;673;674;675	A:22:ALA:HA -- A:21:VAL:HG*	The original restraint is a disjunction whose alternatives map to multiple distinct heavy-atom pairs. Emitting all pairs would convert OR into AND.
CNS_distance_restraints_1:362	362	2	A	5	CG2	A	6	CA	9.775355			1.34800615	6	670;671;672;673;674;675	A:22:ALA:HA -- A:21:VAL:HG*	The original restraint is a disjunction whose alternatives map to multiple distinct heavy-atom pairs. Emitting all pairs would convert OR into AND.
CNS_distance_restraints_1:364	364	1	A	6	CA	A	53	CG1	9.586634			1.34800615	6	677;678;679;680;681;682	A:22:ALA:HA -- A:69:VAL:HG*	The original restraint is a disjunction whose alternatives map to multiple distinct heavy-atom pairs. Emitting all pairs would convert OR into AND.
CNS_distance_restraints_1:364	364	2	A	6	CA	A	53	CG2	9.586634			1.34800615	6	677;678;679;680;681;682	A:22:ALA:HA -- A:69:VAL:HG*	The original restraint is a disjunction whose alternatives map to multiple distinct heavy-atom pairs. Emitting all pairs would convert OR into AND.
CNS_distance_restraints_1:368	368	1	A	8	CD1	A	53	CA	10.490097			1.12246205	2	687;688	A:24:TYR:HD* -- A:69:VAL:HA	The original restraint is a disjunction whose alternatives map to multiple distinct heavy-atom pairs. Emitting all pairs would convert OR into AND.
CNS_distance_restraints_1:368	368	2	A	8	CD2	A	53	CA	10.490097			1.12246205	2	687;688	A:24:TYR:HD* -- A:69:VAL:HA	The original restraint is a disjunction whose alternatives map to multiple distinct heavy-atom pairs. Emitting all pairs would convert OR into AND.
CNS_distance_restraints_1:369	369	1	A	7	CA	A	8	CD1	8.806403			1.12246205	2	689;690	A:24:TYR:HD* -- A:23:LEU:HA	The original restraint is a disjunction whose alternatives map to multiple distinct heavy-atom pairs. Emitting all pairs would convert OR into AND.
CNS_distance_restraints_1:369	369	2	A	7	CA	A	8	CD2	8.806403			1.12246205	2	689;690	A:24:TYR:HD* -- A:23:LEU:HA	The original restraint is a disjunction whose alternatives map to multiple distinct heavy-atom pairs. Emitting all pairs would convert OR into AND.
CNS_distance_restraints_1:370	370	1	A	7	CG	A	8	CD1	7.571695			1.12246205	2	691;692	A:24:TYR:HD* -- A:23:LEU:HG	The original restraint is a disjunction whose alternatives map to multiple distinct heavy-atom pairs. Emitting all pairs would convert OR into AND.
CNS_distance_restraints_1:370	370	2	A	7	CG	A	8	CD2	7.571695			1.12246205	2	691;692	A:24:TYR:HD* -- A:23:LEU:HG	The original restraint is a disjunction whose alternatives map to multiple distinct heavy-atom pairs. Emitting all pairs would convert OR into AND.
CNS_distance_restraints_1:371	371	1	A	7	CB	A	8	CD1	8.224625			1.25992105	4	693;694;695;696	A:24:TYR:HD* -- A:23:LEU:HB*	The original restraint is a disjunction whose alternatives map to multiple distinct heavy-atom pairs. Emitting all pairs would convert OR into AND.
CNS_distance_restraints_1:371	371	2	A	7	CB	A	8	CD2	8.224625			1.25992105	4	693;694;695;696	A:24:TYR:HD* -- A:23:LEU:HB*	The original restraint is a disjunction whose alternatives map to multiple distinct heavy-atom pairs. Emitting all pairs would convert OR into AND.
CNS_distance_restraints_1:372	372	1	A	7	CD1	A	8	CD1	10.486318			1.51308575	12	697;698;699;700;701;702;703;704;705;706;707;708	A:24:TYR:HD* -- A:23:LEU:HD*	The original restraint is a disjunction whose alternatives map to multiple distinct heavy-atom pairs. Emitting all pairs would convert OR into AND.
CNS_distance_restraints_1:372	372	2	A	7	CD1	A	8	CD2	10.486318			1.51308575	12	697;698;699;700;701;702;703;704;705;706;707;708	A:24:TYR:HD* -- A:23:LEU:HD*	The original restraint is a disjunction whose alternatives map to multiple distinct heavy-atom pairs. Emitting all pairs would convert OR into AND.
CNS_distance_restraints_1:372	372	3	A	7	CD2	A	8	CD1	10.486318			1.51308575	12	697;698;699;700;701;702;703;704;705;706;707;708	A:24:TYR:HD* -- A:23:LEU:HD*	The original restraint is a disjunction whose alternatives map to multiple distinct heavy-atom pairs. Emitting all pairs would convert OR into AND.
CNS_distance_restraints_1:372	372	4	A	7	CD2	A	8	CD2	10.486318			1.51308575	12	697;698;699;700;701;702;703;704;705;706;707;708	A:24:TYR:HD* -- A:23:LEU:HD*	The original restraint is a disjunction whose alternatives map to multiple distinct heavy-atom pairs. Emitting all pairs would convert OR into AND.
CNS_distance_restraints_1:373	373	1	A	8	CE1	A	53	CA	10.265604			1.12246205	2	709;710	A:24:TYR:HE* -- A:69:VAL:HA	The original restraint is a disjunction whose alternatives map to multiple distinct heavy-atom pairs. Emitting all pairs would convert OR into AND.
CNS_distance_restraints_1:373	373	2	A	8	CE2	A	53	CA	10.265604			1.12246205	2	709;710	A:24:TYR:HE* -- A:69:VAL:HA	The original restraint is a disjunction whose alternatives map to multiple distinct heavy-atom pairs. Emitting all pairs would convert OR into AND.
CNS_distance_restraints_1:374	374	1	A	7	CA	A	8	CE1	8.806403			1.12246205	2	711;712	A:24:TYR:HE* -- A:23:LEU:HA	The original restraint is a disjunction whose alternatives map to multiple distinct heavy-atom pairs. Emitting all pairs would convert OR into AND.
CNS_distance_restraints_1:374	374	2	A	7	CA	A	8	CE2	8.806403			1.12246205	2	711;712	A:24:TYR:HE* -- A:23:LEU:HA	The original restraint is a disjunction whose alternatives map to multiple distinct heavy-atom pairs. Emitting all pairs would convert OR into AND.
CNS_distance_restraints_1:375	375	1	A	7	CG	A	8	CE1	8.806403			1.12246205	2	713;714	A:24:TYR:HE* -- A:23:LEU:HG	The original restraint is a disjunction whose alternatives map to multiple distinct heavy-atom pairs. Emitting all pairs would convert OR into AND.
CNS_distance_restraints_1:375	375	2	A	7	CG	A	8	CE2	8.806403			1.12246205	2	713;714	A:24:TYR:HE* -- A:23:LEU:HG	The original restraint is a disjunction whose alternatives map to multiple distinct heavy-atom pairs. Emitting all pairs would convert OR into AND.
CNS_distance_restraints_1:376	376	1	A	7	CB	A	8	CE1	7.571695			1.12246205	2	715;716	A:24:TYR:HE* -- A:23:LEU:HB2	The original restraint is a disjunction whose alternatives map to multiple distinct heavy-atom pairs. Emitting all pairs would convert OR into AND.
CNS_distance_restraints_1:376	376	2	A	7	CB	A	8	CE2	7.571695			1.12246205	2	715;716	A:24:TYR:HE* -- A:23:LEU:HB2	The original restraint is a disjunction whose alternatives map to multiple distinct heavy-atom pairs. Emitting all pairs would convert OR into AND.
CNS_distance_restraints_1:377	377	1	A	7	CB	A	8	CE1	7.571695			1.12246205	2	717;718	A:24:TYR:HE* -- A:23:LEU:HB1	The original restraint is a disjunction whose alternatives map to multiple distinct heavy-atom pairs. Emitting all pairs would convert OR into AND.
CNS_distance_restraints_1:377	377	2	A	7	CB	A	8	CE2	7.571695			1.12246205	2	717;718	A:24:TYR:HE* -- A:23:LEU:HB1	The original restraint is a disjunction whose alternatives map to multiple distinct heavy-atom pairs. Emitting all pairs would convert OR into AND.
CNS_distance_restraints_1:378	378	1	A	7	CD1	A	8	CE1	10.486318			1.51308575	12	719;720;721;722;723;724;725;726;727;728;729;730	A:24:TYR:HE* -- A:23:LEU:HD*	The original restraint is a disjunction whose alternatives map to multiple distinct heavy-atom pairs. Emitting all pairs would convert OR into AND.
CNS_distance_restraints_1:378	378	2	A	7	CD1	A	8	CE2	10.486318			1.51308575	12	719;720;721;722;723;724;725;726;727;728;729;730	A:24:TYR:HE* -- A:23:LEU:HD*	The original restraint is a disjunction whose alternatives map to multiple distinct heavy-atom pairs. Emitting all pairs would convert OR into AND.
CNS_distance_restraints_1:378	378	3	A	7	CD2	A	8	CE1	10.486318			1.51308575	12	719;720;721;722;723;724;725;726;727;728;729;730	A:24:TYR:HE* -- A:23:LEU:HD*	The original restraint is a disjunction whose alternatives map to multiple distinct heavy-atom pairs. Emitting all pairs would convert OR into AND.
CNS_distance_restraints_1:378	378	4	A	7	CD2	A	8	CE2	10.486318			1.51308575	12	719;720;721;722;723;724;725;726;727;728;729;730	A:24:TYR:HE* -- A:23:LEU:HD*	The original restraint is a disjunction whose alternatives map to multiple distinct heavy-atom pairs. Emitting all pairs would convert OR into AND.
CNS_distance_restraints_1:380	380	1	A	9	CA	A	53	CG1	13.832853			1.34800615	6	732;733;734;735;736;737	A:25:ASP:HA -- A:69:VAL:HG*	The original restraint is a disjunction whose alternatives map to multiple distinct heavy-atom pairs. Emitting all pairs would convert OR into AND.
CNS_distance_restraints_1:380	380	2	A	9	CA	A	53	CG2	13.832853			1.34800615	6	732;733;734;735;736;737	A:25:ASP:HA -- A:69:VAL:HG*	The original restraint is a disjunction whose alternatives map to multiple distinct heavy-atom pairs. Emitting all pairs would convert OR into AND.
CNS_distance_restraints_1:384	384	1	A	10	CE1	A	19	CB	11.500420			1.25992105	4	747;748;749;750	A:26:TYR:HE* -- A:35:SER:HB*	The original restraint is a disjunction whose alternatives map to multiple distinct heavy-atom pairs. Emitting all pairs would convert OR into AND.
CNS_distance_restraints_1:384	384	2	A	10	CE2	A	19	CB	11.500420			1.25992105	4	747;748;749;750	A:26:TYR:HE* -- A:35:SER:HB*	The original restraint is a disjunction whose alternatives map to multiple distinct heavy-atom pairs. Emitting all pairs would convert OR into AND.
CNS_distance_restraints_1:385	385	1	A	10	CE1	A	19	CA	10.490097			1.12246205	2	751;752	A:26:TYR:HE* -- A:35:SER:HA	The original restraint is a disjunction whose alternatives map to multiple distinct heavy-atom pairs. Emitting all pairs would convert OR into AND.
CNS_distance_restraints_1:385	385	2	A	10	CE2	A	19	CA	10.490097			1.12246205	2	751;752	A:26:TYR:HE* -- A:35:SER:HA	The original restraint is a disjunction whose alternatives map to multiple distinct heavy-atom pairs. Emitting all pairs would convert OR into AND.
CNS_distance_restraints_1:386	386	1	A	10	CE1	A	49	CD	9.610539			1.25992105	4	753;754;755;756	A:26:TYR:HE* -- A:65:PRO:HD*	The original restraint is a disjunction whose alternatives map to multiple distinct heavy-atom pairs. Emitting all pairs would convert OR into AND.
CNS_distance_restraints_1:386	386	2	A	10	CE2	A	49	CD	9.610539			1.25992105	4	753;754;755;756	A:26:TYR:HE* -- A:65:PRO:HD*	The original restraint is a disjunction whose alternatives map to multiple distinct heavy-atom pairs. Emitting all pairs would convert OR into AND.
CNS_distance_restraints_1:387	387	1	A	10	CE1	A	51	CB	8.806403			1.12246205	2	757;758	A:26:TYR:HE* -- A:67:ASN:HB2	The original restraint is a disjunction whose alternatives map to multiple distinct heavy-atom pairs. Emitting all pairs would convert OR into AND.
CNS_distance_restraints_1:387	387	2	A	10	CE2	A	51	CB	8.806403			1.12246205	2	757;758	A:26:TYR:HE* -- A:67:ASN:HB2	The original restraint is a disjunction whose alternatives map to multiple distinct heavy-atom pairs. Emitting all pairs would convert OR into AND.
CNS_distance_restraints_1:388	388	1	A	10	CE1	A	51	CB	8.806403			1.12246205	2	759;760	A:26:TYR:HE* -- A:67:ASN:HB1	The original restraint is a disjunction whose alternatives map to multiple distinct heavy-atom pairs. Emitting all pairs would convert OR into AND.
CNS_distance_restraints_1:388	388	2	A	10	CE2	A	51	CB	8.806403			1.12246205	2	759;760	A:26:TYR:HE* -- A:67:ASN:HB1	The original restraint is a disjunction whose alternatives map to multiple distinct heavy-atom pairs. Emitting all pairs would convert OR into AND.
CNS_distance_restraints_1:406	406	1	A	20	CD1	A	52	CB	11.500420			1.25992105	4	812;813;814;815	A:36:PHE:HD* -- A:68:TYR:HB*	The original restraint is a disjunction whose alternatives map to multiple distinct heavy-atom pairs. Emitting all pairs would convert OR into AND.
CNS_distance_restraints_1:406	406	2	A	20	CD2	A	52	CB	11.500420			1.25992105	4	812;813;814;815	A:36:PHE:HD* -- A:68:TYR:HB*	The original restraint is a disjunction whose alternatives map to multiple distinct heavy-atom pairs. Emitting all pairs would convert OR into AND.
CNS_distance_restraints_1:407	407	1	A	9	CB	A	20	CD1	11.500420			1.25992105	4	816;817;818;819	A:36:PHE:HD* -- A:25:ASP:HB*	The original restraint is a disjunction whose alternatives map to multiple distinct heavy-atom pairs. Emitting all pairs would convert OR into AND.
CNS_distance_restraints_1:407	407	2	A	9	CB	A	20	CD2	11.500420			1.25992105	4	816;817;818;819	A:36:PHE:HD* -- A:25:ASP:HB*	The original restraint is a disjunction whose alternatives map to multiple distinct heavy-atom pairs. Emitting all pairs would convert OR into AND.
CNS_distance_restraints_1:408	408	1	A	20	CD1	A	26	CG1	7.153693			1.25992105	4	820;821;822;823	A:36:PHE:HD* -- A:42:ILE:HG1*	The original restraint is a disjunction whose alternatives map to multiple distinct heavy-atom pairs. Emitting all pairs would convert OR into AND.
CNS_distance_restraints_1:408	408	2	A	20	CD2	A	26	CG1	7.153693			1.25992105	4	820;821;822;823	A:36:PHE:HD* -- A:42:ILE:HG1*	The original restraint is a disjunction whose alternatives map to multiple distinct heavy-atom pairs. Emitting all pairs would convert OR into AND.
CNS_distance_restraints_1:409	409	1	A	10	CB	A	20	CE1	9.610539			1.25992105	4	824;825;826;827	A:36:PHE:HE* -- A:26:TYR:HB*	The original restraint is a disjunction whose alternatives map to multiple distinct heavy-atom pairs. Emitting all pairs would convert OR into AND.
CNS_distance_restraints_1:409	409	2	A	10	CB	A	20	CE2	9.610539			1.25992105	4	824;825;826;827	A:36:PHE:HE* -- A:26:TYR:HB*	The original restraint is a disjunction whose alternatives map to multiple distinct heavy-atom pairs. Emitting all pairs would convert OR into AND.
CNS_distance_restraints_1:410	410	1	A	20	CE1	A	29	CG2	9.775355			1.34800615	6	828;829;830;831;832;833	A:36:PHE:HE* -- A:45:ILE:HG2*	The original restraint is a disjunction whose alternatives map to multiple distinct heavy-atom pairs. Emitting all pairs would convert OR into AND.
CNS_distance_restraints_1:410	410	2	A	20	CE2	A	29	CG2	9.775355			1.34800615	6	828;829;830;831;832;833	A:36:PHE:HE* -- A:45:ILE:HG2*	The original restraint is a disjunction whose alternatives map to multiple distinct heavy-atom pairs. Emitting all pairs would convert OR into AND.
CNS_distance_restraints_1:434	434	1	A	30	CG	A	55	CD1	13.361181			1.51308575	12	912;913;914;915;916;917;918;919;920;921;922;923	A:46:GLU:HG* -- A:71:LEU:HD*	The original restraint is a disjunction whose alternatives map to multiple distinct heavy-atom pairs. Emitting all pairs would convert OR into AND.
CNS_distance_restraints_1:434	434	2	A	30	CG	A	55	CD2	13.361181			1.51308575	12	912;913;914;915;916;917;918;919;920;921;922;923	A:46:GLU:HG* -- A:71:LEU:HD*	The original restraint is a disjunction whose alternatives map to multiple distinct heavy-atom pairs. Emitting all pairs would convert OR into AND.
CNS_distance_restraints_1:451	451	1	A	36	CE3	A	47	CD1	9.586634			1.34800615	6	969;970;971;972;973;974	A:52:TRP:HE3 -- A:63:LEU:HD*	The original restraint is a disjunction whose alternatives map to multiple distinct heavy-atom pairs. Emitting all pairs would convert OR into AND.
CNS_distance_restraints_1:451	451	2	A	36	CE3	A	47	CD2	9.586634			1.34800615	6	969;970;971;972;973;974	A:52:TRP:HE3 -- A:63:LEU:HD*	The original restraint is a disjunction whose alternatives map to multiple distinct heavy-atom pairs. Emitting all pairs would convert OR into AND.
CNS_distance_restraints_1:461	461	1	A	36	CH2	A	47	CD1	12.147846			1.34800615	6	988;989;990;991;992;993	A:52:TRP:HH2 -- A:63:LEU:HD*	The original restraint is a disjunction whose alternatives map to multiple distinct heavy-atom pairs. Emitting all pairs would convert OR into AND.
CNS_distance_restraints_1:461	461	2	A	36	CH2	A	47	CD2	12.147846			1.34800615	6	988;989;990;991;992;993	A:52:TRP:HH2 -- A:63:LEU:HD*	The original restraint is a disjunction whose alternatives map to multiple distinct heavy-atom pairs. Emitting all pairs would convert OR into AND.
CNS_distance_restraints_1:463	463	1	A	36	CZ2	A	47	CD1	13.832853			1.34800615	6	995;996;997;998;999;1000	A:52:TRP:HZ2 -- A:63:LEU:HD*	The original restraint is a disjunction whose alternatives map to multiple distinct heavy-atom pairs. Emitting all pairs would convert OR into AND.
CNS_distance_restraints_1:463	463	2	A	36	CZ2	A	47	CD2	13.832853			1.34800615	6	995;996;997;998;999;1000	A:52:TRP:HZ2 -- A:63:LEU:HD*	The original restraint is a disjunction whose alternatives map to multiple distinct heavy-atom pairs. Emitting all pairs would convert OR into AND.
CNS_distance_restraints_1:473	473	1	A	36	CZ3	A	47	CD1	9.775355			1.34800615	6	1015;1016;1017;1018;1019;1020	A:52:TRP:HZ3 -- A:63:LEU:HD*	The original restraint is a disjunction whose alternatives map to multiple distinct heavy-atom pairs. Emitting all pairs would convert OR into AND.
CNS_distance_restraints_1:473	473	2	A	36	CZ3	A	47	CD2	9.775355			1.34800615	6	1015;1016;1017;1018;1019;1020	A:52:TRP:HZ3 -- A:63:LEU:HD*	The original restraint is a disjunction whose alternatives map to multiple distinct heavy-atom pairs. Emitting all pairs would convert OR into AND.
CNS_distance_restraints_1:499	499	1	A	37	CH2	A	53	CG1	9.586634			1.34800615	6	1086;1087;1088;1089;1090;1091	A:53:TRP:HH2 -- A:69:VAL:HG*	The original restraint is a disjunction whose alternatives map to multiple distinct heavy-atom pairs. Emitting all pairs would convert OR into AND.
CNS_distance_restraints_1:499	499	2	A	37	CH2	A	53	CG2	9.586634			1.34800615	6	1086;1087;1088;1089;1090;1091	A:53:TRP:HH2 -- A:69:VAL:HG*	The original restraint is a disjunction whose alternatives map to multiple distinct heavy-atom pairs. Emitting all pairs would convert OR into AND.
CNS_distance_restraints_1:522	522	1	A	38	CB	A	47	CD1	9.586634			1.34800615	6	1142;1143;1144;1145;1146;1147	A:54:ARG:HB1 -- A:63:LEU:HD*	The original restraint is a disjunction whose alternatives map to multiple distinct heavy-atom pairs. Emitting all pairs would convert OR into AND.
CNS_distance_restraints_1:522	522	2	A	38	CB	A	47	CD2	9.586634			1.34800615	6	1142;1143;1144;1145;1146;1147	A:54:ARG:HB1 -- A:63:LEU:HD*	The original restraint is a disjunction whose alternatives map to multiple distinct heavy-atom pairs. Emitting all pairs would convert OR into AND.
CNS_distance_restraints_1:523	523	1	A	38	CB	A	47	CD1	9.586634			1.34800615	6	1148;1149;1150;1151;1152;1153	A:54:ARG:HB2 -- A:63:LEU:HD*	The original restraint is a disjunction whose alternatives map to multiple distinct heavy-atom pairs. Emitting all pairs would convert OR into AND.
CNS_distance_restraints_1:523	523	2	A	38	CB	A	47	CD2	9.586634			1.34800615	6	1148;1149;1150;1151;1152;1153	A:54:ARG:HB2 -- A:63:LEU:HD*	The original restraint is a disjunction whose alternatives map to multiple distinct heavy-atom pairs. Emitting all pairs would convert OR into AND.
CNS_distance_restraints_1:536	536	1	A	40	CG1	A	43	CA	10.698150			1.51308575	12	1203;1204;1205;1206;1207;1208;1209;1210;1211;1212;1213;1214	A:59:GLY:HA* -- A:56:VAL:HG*	The original restraint is a disjunction whose alternatives map to multiple distinct heavy-atom pairs. Emitting all pairs would convert OR into AND.
CNS_distance_restraints_1:536	536	2	A	40	CG2	A	43	CA	10.698150			1.51308575	12	1203;1204;1205;1206;1207;1208;1209;1210;1211;1212;1213;1214	A:59:GLY:HA* -- A:56:VAL:HG*	The original restraint is a disjunction whose alternatives map to multiple distinct heavy-atom pairs. Emitting all pairs would convert OR into AND.
CNS_distance_restraints_1:541	541	1	A	40	CG1	A	45	CA	9.586634			1.34800615	6	1224;1225;1226;1227;1228;1229	A:61:TYR:HA -- A:56:VAL:HG*	The original restraint is a disjunction whose alternatives map to multiple distinct heavy-atom pairs. Emitting all pairs would convert OR into AND.
CNS_distance_restraints_1:541	541	2	A	40	CG2	A	45	CA	9.586634			1.34800615	6	1224;1225;1226;1227;1228;1229	A:61:TYR:HA -- A:56:VAL:HG*	The original restraint is a disjunction whose alternatives map to multiple distinct heavy-atom pairs. Emitting all pairs would convert OR into AND.
CNS_distance_restraints_1:547	547	1	A	40	CG1	A	45	CB	10.108046			1.51308575	12	1244;1245;1246;1247;1248;1249;1250;1251;1252;1253;1254;1255	A:61:TYR:HB* -- A:56:VAL:HG*	The original restraint is a disjunction whose alternatives map to multiple distinct heavy-atom pairs. Emitting all pairs would convert OR into AND.
CNS_distance_restraints_1:547	547	2	A	40	CG2	A	45	CB	10.108046			1.51308575	12	1244;1245;1246;1247;1248;1249;1250;1251;1252;1253;1254;1255	A:61:TYR:HB* -- A:56:VAL:HG*	The original restraint is a disjunction whose alternatives map to multiple distinct heavy-atom pairs. Emitting all pairs would convert OR into AND.
CNS_distance_restraints_1:548	548	1	A	38	CG	A	45	CD1	9.610539			1.25992105	4	1256;1257;1258;1259	A:61:TYR:HD* -- A:54:ARG:HG*	The original restraint is a disjunction whose alternatives map to multiple distinct heavy-atom pairs. Emitting all pairs would convert OR into AND.
CNS_distance_restraints_1:548	548	2	A	38	CG	A	45	CD2	9.610539			1.25992105	4	1256;1257;1258;1259	A:61:TYR:HD* -- A:54:ARG:HG*	The original restraint is a disjunction whose alternatives map to multiple distinct heavy-atom pairs. Emitting all pairs would convert OR into AND.
CNS_distance_restraints_1:549	549	1	A	40	CG1	A	45	CD1	10.486318			1.51308575	12	1260;1261;1262;1263;1264;1265;1266;1267;1268;1269;1270;1271	A:61:TYR:HD* -- A:56:VAL:HG*	The original restraint is a disjunction whose alternatives map to multiple distinct heavy-atom pairs. Emitting all pairs would convert OR into AND.
CNS_distance_restraints_1:549	549	2	A	40	CG1	A	45	CD2	10.486318			1.51308575	12	1260;1261;1262;1263;1264;1265;1266;1267;1268;1269;1270;1271	A:61:TYR:HD* -- A:56:VAL:HG*	The original restraint is a disjunction whose alternatives map to multiple distinct heavy-atom pairs. Emitting all pairs would convert OR into AND.
CNS_distance_restraints_1:549	549	3	A	40	CG2	A	45	CD1	10.486318			1.51308575	12	1260;1261;1262;1263;1264;1265;1266;1267;1268;1269;1270;1271	A:61:TYR:HD* -- A:56:VAL:HG*	The original restraint is a disjunction whose alternatives map to multiple distinct heavy-atom pairs. Emitting all pairs would convert OR into AND.
CNS_distance_restraints_1:549	549	4	A	40	CG2	A	45	CD2	10.486318			1.51308575	12	1260;1261;1262;1263;1264;1265;1266;1267;1268;1269;1270;1271	A:61:TYR:HD* -- A:56:VAL:HG*	The original restraint is a disjunction whose alternatives map to multiple distinct heavy-atom pairs. Emitting all pairs would convert OR into AND.
CNS_distance_restraints_1:550	550	1	A	30	CG	A	45	CE1	11.500420			1.25992105	4	1272;1273;1274;1275	A:61:TYR:HE* -- A:46:GLU:HG*	The original restraint is a disjunction whose alternatives map to multiple distinct heavy-atom pairs. Emitting all pairs would convert OR into AND.
CNS_distance_restraints_1:550	550	2	A	30	CG	A	45	CE2	11.500420			1.25992105	4	1272;1273;1274;1275	A:61:TYR:HE* -- A:46:GLU:HG*	The original restraint is a disjunction whose alternatives map to multiple distinct heavy-atom pairs. Emitting all pairs would convert OR into AND.
CNS_distance_restraints_1:551	551	1	A	40	CB	A	45	CE1	8.806403			1.12246205	2	1276;1277	A:61:TYR:HE* -- A:56:VAL:HB	The original restraint is a disjunction whose alternatives map to multiple distinct heavy-atom pairs. Emitting all pairs would convert OR into AND.
CNS_distance_restraints_1:551	551	2	A	40	CB	A	45	CE2	8.806403			1.12246205	2	1276;1277	A:61:TYR:HE* -- A:56:VAL:HB	The original restraint is a disjunction whose alternatives map to multiple distinct heavy-atom pairs. Emitting all pairs would convert OR into AND.
CNS_distance_restraints_1:552	552	1	A	38	CB	A	45	CE1	8.224625			1.25992105	4	1278;1279;1280;1281	A:61:TYR:HE* -- A:54:ARG:HB*	The original restraint is a disjunction whose alternatives map to multiple distinct heavy-atom pairs. Emitting all pairs would convert OR into AND.
CNS_distance_restraints_1:552	552	2	A	38	CB	A	45	CE2	8.224625			1.25992105	4	1278;1279;1280;1281	A:61:TYR:HE* -- A:54:ARG:HB*	The original restraint is a disjunction whose alternatives map to multiple distinct heavy-atom pairs. Emitting all pairs would convert OR into AND.
CNS_distance_restraints_1:553	553	1	A	38	CG	A	45	CE1	8.224625			1.25992105	4	1282;1283;1284;1285	A:61:TYR:HE* -- A:54:ARG:HG*	The original restraint is a disjunction whose alternatives map to multiple distinct heavy-atom pairs. Emitting all pairs would convert OR into AND.
CNS_distance_restraints_1:553	553	2	A	38	CG	A	45	CE2	8.224625			1.25992105	4	1282;1283;1284;1285	A:61:TYR:HE* -- A:54:ARG:HG*	The original restraint is a disjunction whose alternatives map to multiple distinct heavy-atom pairs. Emitting all pairs would convert OR into AND.
CNS_distance_restraints_1:575	575	1	A	7	CD1	A	51	CA	13.832853			1.34800615	6	1351;1352;1353;1354;1355;1356	A:67:ASN:HA -- A:23:LEU:HD*	The original restraint is a disjunction whose alternatives map to multiple distinct heavy-atom pairs. Emitting all pairs would convert OR into AND.
CNS_distance_restraints_1:575	575	2	A	7	CD2	A	51	CA	13.832853			1.34800615	6	1351;1352;1353;1354;1355;1356	A:67:ASN:HA -- A:23:LEU:HD*	The original restraint is a disjunction whose alternatives map to multiple distinct heavy-atom pairs. Emitting all pairs would convert OR into AND.
CNS_distance_restraints_1:576	576	1	A	51	CA	A	53	CG1	12.147846			1.34800615	6	1357;1358;1359;1360;1361;1362	A:67:ASN:HA -- A:69:VAL:HG*	The original restraint is a disjunction whose alternatives map to multiple distinct heavy-atom pairs. Emitting all pairs would convert OR into AND.
CNS_distance_restraints_1:576	576	2	A	51	CA	A	53	CG2	12.147846			1.34800615	6	1357;1358;1359;1360;1361;1362	A:67:ASN:HA -- A:69:VAL:HG*	The original restraint is a disjunction whose alternatives map to multiple distinct heavy-atom pairs. Emitting all pairs would convert OR into AND.
CNS_distance_restraints_1:581	581	1	A	52	CB	A	53	CG1	12.147846			1.34800615	6	1378;1379;1380;1381;1382;1383	A:68:TYR:HB1 -- A:69:VAL:HG*	The original restraint is a disjunction whose alternatives map to multiple distinct heavy-atom pairs. Emitting all pairs would convert OR into AND.
CNS_distance_restraints_1:581	581	2	A	52	CB	A	53	CG2	12.147846			1.34800615	6	1378;1379;1380;1381;1382;1383	A:68:TYR:HB1 -- A:69:VAL:HG*	The original restraint is a disjunction whose alternatives map to multiple distinct heavy-atom pairs. Emitting all pairs would convert OR into AND.
CNS_distance_restraints_1:583	583	1	A	52	CB	A	53	CG1	12.147846			1.34800615	6	1386;1387;1388;1389;1390;1391	A:68:TYR:HB2 -- A:69:VAL:HG*	The original restraint is a disjunction whose alternatives map to multiple distinct heavy-atom pairs. Emitting all pairs would convert OR into AND.
CNS_distance_restraints_1:583	583	2	A	52	CB	A	53	CG2	12.147846			1.34800615	6	1386;1387;1388;1389;1390;1391	A:68:TYR:HB2 -- A:69:VAL:HG*	The original restraint is a disjunction whose alternatives map to multiple distinct heavy-atom pairs. Emitting all pairs would convert OR into AND.
CNS_distance_restraints_1:584	584	1	A	49	CB	A	52	CD1	9.610539			1.25992105	4	1392;1393;1394;1395	A:68:TYR:HD* -- A:65:PRO:HB*	The original restraint is a disjunction whose alternatives map to multiple distinct heavy-atom pairs. Emitting all pairs would convert OR into AND.
CNS_distance_restraints_1:584	584	2	A	49	CB	A	52	CD2	9.610539			1.25992105	4	1392;1393;1394;1395	A:68:TYR:HD* -- A:65:PRO:HB*	The original restraint is a disjunction whose alternatives map to multiple distinct heavy-atom pairs. Emitting all pairs would convert OR into AND.
CNS_distance_restraints_1:585	585	1	A	49	CB	A	52	CE1	10.490097			1.12246205	2	1396;1397	A:68:TYR:HE* -- A:65:PRO:HB1	The original restraint is a disjunction whose alternatives map to multiple distinct heavy-atom pairs. Emitting all pairs would convert OR into AND.
CNS_distance_restraints_1:585	585	2	A	49	CB	A	52	CE2	10.490097			1.12246205	2	1396;1397	A:68:TYR:HE* -- A:65:PRO:HB1	The original restraint is a disjunction whose alternatives map to multiple distinct heavy-atom pairs. Emitting all pairs would convert OR into AND.
CNS_distance_restraints_1:586	586	1	A	49	CB	A	52	CE1	10.490097			1.12246205	2	1398;1399	A:68:TYR:HE* -- A:65:PRO:HB2	The original restraint is a disjunction whose alternatives map to multiple distinct heavy-atom pairs. Emitting all pairs would convert OR into AND.
CNS_distance_restraints_1:586	586	2	A	49	CB	A	52	CE2	10.490097			1.12246205	2	1398;1399	A:68:TYR:HE* -- A:65:PRO:HB2	The original restraint is a disjunction whose alternatives map to multiple distinct heavy-atom pairs. Emitting all pairs would convert OR into AND.
CNS_distance_restraints_1:598	598	1	A	7	CD1	A	53	CA	9.586634			1.34800615	6	1417;1418;1419;1420;1421;1422	A:69:VAL:HA -- A:23:LEU:HD*	The original restraint is a disjunction whose alternatives map to multiple distinct heavy-atom pairs. Emitting all pairs would convert OR into AND.
CNS_distance_restraints_1:598	598	2	A	7	CD2	A	53	CA	9.586634			1.34800615	6	1417;1418;1419;1420;1421;1422	A:69:VAL:HA -- A:23:LEU:HD*	The original restraint is a disjunction whose alternatives map to multiple distinct heavy-atom pairs. Emitting all pairs would convert OR into AND.
CNS_distance_restraints_1:601	601	1	A	26	CD1	A	53	CG1	11.062844			1.61887041	18	1429;1430;1431;1432;1433;1434;1435;1436;1437;1438;1439;1440;1441;1442;1443;1444;1445;1446	A:69:VAL:HG* -- A:42:ILE:HD1*	The original restraint is a disjunction whose alternatives map to multiple distinct heavy-atom pairs. Emitting all pairs would convert OR into AND.
CNS_distance_restraints_1:601	601	2	A	26	CD1	A	53	CG2	11.062844			1.61887041	18	1429;1430;1431;1432;1433;1434;1435;1436;1437;1438;1439;1440;1441;1442;1443;1444;1445;1446	A:69:VAL:HG* -- A:42:ILE:HD1*	The original restraint is a disjunction whose alternatives map to multiple distinct heavy-atom pairs. Emitting all pairs would convert OR into AND.
CNS_distance_restraints_1:604	604	1	A	7	CD1	A	54	CB	9.586634			1.34800615	6	1465;1466;1467;1468;1469;1470	A:70:GLU:HB1 -- A:23:LEU:HD*	The original restraint is a disjunction whose alternatives map to multiple distinct heavy-atom pairs. Emitting all pairs would convert OR into AND.
CNS_distance_restraints_1:604	604	2	A	7	CD2	A	54	CB	9.586634			1.34800615	6	1465;1466;1467;1468;1469;1470	A:70:GLU:HB1 -- A:23:LEU:HD*	The original restraint is a disjunction whose alternatives map to multiple distinct heavy-atom pairs. Emitting all pairs would convert OR into AND.
CNS_distance_restraints_1:605	605	1	A	7	CD1	A	54	CB	9.586634			1.34800615	6	1471;1472;1473;1474;1475;1476	A:70:GLU:HB2 -- A:23:LEU:HD*	The original restraint is a disjunction whose alternatives map to multiple distinct heavy-atom pairs. Emitting all pairs would convert OR into AND.
CNS_distance_restraints_1:605	605	2	A	7	CD2	A	54	CB	9.586634			1.34800615	6	1471;1472;1473;1474;1475;1476	A:70:GLU:HB2 -- A:23:LEU:HD*	The original restraint is a disjunction whose alternatives map to multiple distinct heavy-atom pairs. Emitting all pairs would convert OR into AND.
CNS_distance_restraints_1:606	606	1	A	5	CG1	A	54	CB	10.486318			1.51308575	12	1477;1478;1479;1480;1481;1482;1483;1484;1485;1486;1487;1488	A:70:GLU:HB* -- A:21:VAL:HG*	The original restraint is a disjunction whose alternatives map to multiple distinct heavy-atom pairs. Emitting all pairs would convert OR into AND.
CNS_distance_restraints_1:606	606	2	A	5	CG2	A	54	CB	10.486318			1.51308575	12	1477;1478;1479;1480;1481;1482;1483;1484;1485;1486;1487;1488	A:70:GLU:HB* -- A:21:VAL:HG*	The original restraint is a disjunction whose alternatives map to multiple distinct heavy-atom pairs. Emitting all pairs would convert OR into AND.
CNS_distance_restraints_1:607	607	1	A	5	CG1	A	54	CG	13.361181			1.51308575	12	1489;1490;1491;1492;1493;1494;1495;1496;1497;1498;1499;1500	A:70:GLU:HG* -- A:21:VAL:HG*	The original restraint is a disjunction whose alternatives map to multiple distinct heavy-atom pairs. Emitting all pairs would convert OR into AND.
CNS_distance_restraints_1:607	607	2	A	5	CG2	A	54	CG	13.361181			1.51308575	12	1489;1490;1491;1492;1493;1494;1495;1496;1497;1498;1499;1500	A:70:GLU:HG* -- A:21:VAL:HG*	The original restraint is a disjunction whose alternatives map to multiple distinct heavy-atom pairs. Emitting all pairs would convert OR into AND.
CNS_distance_restraints_1:608	608	1	A	7	CD1	A	54	CG	10.698150			1.51308575	12	1501;1502;1503;1504;1505;1506;1507;1508;1509;1510;1511;1512	A:70:GLU:HG* -- A:23:LEU:HD*	The original restraint is a disjunction whose alternatives map to multiple distinct heavy-atom pairs. Emitting all pairs would convert OR into AND.
CNS_distance_restraints_1:608	608	2	A	7	CD2	A	54	CG	10.698150			1.51308575	12	1501;1502;1503;1504;1505;1506;1507;1508;1509;1510;1511;1512	A:70:GLU:HG* -- A:23:LEU:HD*	The original restraint is a disjunction whose alternatives map to multiple distinct heavy-atom pairs. Emitting all pairs would convert OR into AND.
CNS_distance_restraints_1:612	612	1	A	2	CG2	A	55	CD1	11.062844			1.61887041	18	1524;1525;1526;1527;1528;1529;1530;1531;1532;1533;1534;1535;1536;1537;1538;1539;1540;1541	A:71:LEU:HD* -- A:18:ILE:HG2*	The original restraint is a disjunction whose alternatives map to multiple distinct heavy-atom pairs. Emitting all pairs would convert OR into AND.
CNS_distance_restraints_1:612	612	2	A	2	CG2	A	55	CD2	11.062844			1.61887041	18	1524;1525;1526;1527;1528;1529;1530;1531;1532;1533;1534;1535;1536;1537;1538;1539;1540;1541	A:71:LEU:HD* -- A:18:ILE:HG2*	The original restraint is a disjunction whose alternatives map to multiple distinct heavy-atom pairs. Emitting all pairs would convert OR into AND.
CNS_distance_restraints_1:614	614	1	A	5	CG1	A	56	CD	10.486318			1.51308575	12	1544;1545;1546;1547;1548;1549;1550;1551;1552;1553;1554;1555	A:72:ARG:HD* -- A:21:VAL:HG*	The original restraint is a disjunction whose alternatives map to multiple distinct heavy-atom pairs. Emitting all pairs would convert OR into AND.
CNS_distance_restraints_1:614	614	2	A	5	CG2	A	56	CD	10.486318			1.51308575	12	1544;1545;1546;1547;1548;1549;1550;1551;1552;1553;1554;1555	A:72:ARG:HD* -- A:21:VAL:HG*	The original restraint is a disjunction whose alternatives map to multiple distinct heavy-atom pairs. Emitting all pairs would convert OR into AND.
CNS_distance_restraints_1:623	623	1	A	37	NE1	A	53	CG1	13.792853			1.34800615	6	1575;1576;1577;1578;1579;1580	A:53:TRP:HE1 -- A:69:VAL:HG*	The original restraint is a disjunction whose alternatives map to multiple distinct heavy-atom pairs. Emitting all pairs would convert OR into AND.
CNS_distance_restraints_1:623	623	2	A	37	NE1	A	53	CG2	13.792853			1.34800615	6	1575;1576;1577;1578;1579;1580	A:53:TRP:HE1 -- A:69:VAL:HG*	The original restraint is a disjunction whose alternatives map to multiple distinct heavy-atom pairs. Emitting all pairs would convert OR into AND.
CNS_distance_restraints_1:632	632	1	A	8	N	A	53	CG1	10.085837			1.34800615	6	1593;1594;1595;1596;1597;1598	A:24:TYR:HN -- A:69:VAL:HG*	The original restraint is a disjunction whose alternatives map to multiple distinct heavy-atom pairs. Emitting all pairs would convert OR into AND.
CNS_distance_restraints_1:632	632	2	A	8	N	A	53	CG2	10.085837			1.34800615	6	1593;1594;1595;1596;1597;1598	A:24:TYR:HN -- A:69:VAL:HG*	The original restraint is a disjunction whose alternatives map to multiple distinct heavy-atom pairs. Emitting all pairs would convert OR into AND.
CNS_distance_restraints_1:648	648	1	A	52	CE1	B	12	CG1	11.002041			1.34800615	6	1619;1620;1621;1622;1623;1624	A:68:TYR:HE1 -- B:176:VAL:HG*	The original restraint is a disjunction whose alternatives map to multiple distinct heavy-atom pairs. Emitting all pairs would convert OR into AND.
CNS_distance_restraints_1:648	648	2	A	52	CE1	B	12	CG2	11.002041			1.34800615	6	1619;1620;1621;1622;1623;1624	A:68:TYR:HE1 -- B:176:VAL:HG*	The original restraint is a disjunction whose alternatives map to multiple distinct heavy-atom pairs. Emitting all pairs would convert OR into AND.
CNS_distance_restraints_1:649	649	1	A	52	CE2	B	12	CG1	11.002041			1.34800615	6	1625;1626;1627;1628;1629;1630	A:68:TYR:HE2 -- B:176:VAL:HG*	The original restraint is a disjunction whose alternatives map to multiple distinct heavy-atom pairs. Emitting all pairs would convert OR into AND.
CNS_distance_restraints_1:649	649	2	A	52	CE2	B	12	CG2	11.002041			1.34800615	6	1625;1626;1627;1628;1629;1630	A:68:TYR:HE2 -- B:176:VAL:HG*	The original restraint is a disjunction whose alternatives map to multiple distinct heavy-atom pairs. Emitting all pairs would convert OR into AND.
CNS_distance_restraints_1:651	651	1	A	49	CG	B	12	CG1	10.125837			1.34800615	6	1632;1633;1634;1635;1636;1637	A:65:PRO:HG1 -- B:176:VAL:HG*	The original restraint is a disjunction whose alternatives map to multiple distinct heavy-atom pairs. Emitting all pairs would convert OR into AND.
CNS_distance_restraints_1:651	651	2	A	49	CG	B	12	CG2	10.125837			1.34800615	6	1632;1633;1634;1635;1636;1637	A:65:PRO:HG1 -- B:176:VAL:HG*	The original restraint is a disjunction whose alternatives map to multiple distinct heavy-atom pairs. Emitting all pairs would convert OR into AND.
CNS_distance_restraints_1:652	652	1	A	49	CG	B	12	CG1	10.125837			1.34800615	6	1638;1639;1640;1641;1642;1643	A:65:PRO:HG2 -- B:176:VAL:HG*	The original restraint is a disjunction whose alternatives map to multiple distinct heavy-atom pairs. Emitting all pairs would convert OR into AND.
CNS_distance_restraints_1:652	652	2	A	49	CG	B	12	CG2	10.125837			1.34800615	6	1638;1639;1640;1641;1642;1643	A:65:PRO:HG2 -- B:176:VAL:HG*	The original restraint is a disjunction whose alternatives map to multiple distinct heavy-atom pairs. Emitting all pairs would convert OR into AND.
CNS_distance_restraints_1:653	653	1	A	49	CB	B	12	CG1	10.125837			1.34800615	6	1644;1645;1646;1647;1648;1649	A:65:PRO:HB1 -- B:176:VAL:HG*	The original restraint is a disjunction whose alternatives map to multiple distinct heavy-atom pairs. Emitting all pairs would convert OR into AND.
CNS_distance_restraints_1:653	653	2	A	49	CB	B	12	CG2	10.125837			1.34800615	6	1644;1645;1646;1647;1648;1649	A:65:PRO:HB1 -- B:176:VAL:HG*	The original restraint is a disjunction whose alternatives map to multiple distinct heavy-atom pairs. Emitting all pairs would convert OR into AND.
CNS_distance_restraints_1:654	654	1	A	49	CB	B	12	CG1	10.125837			1.34800615	6	1650;1651;1652;1653;1654;1655	A:65:PRO:HB2 -- B:176:VAL:HG*	The original restraint is a disjunction whose alternatives map to multiple distinct heavy-atom pairs. Emitting all pairs would convert OR into AND.
CNS_distance_restraints_1:654	654	2	A	49	CB	B	12	CG2	10.125837			1.34800615	6	1650;1651;1652;1653;1654;1655	A:65:PRO:HB2 -- B:176:VAL:HG*	The original restraint is a disjunction whose alternatives map to multiple distinct heavy-atom pairs. Emitting all pairs would convert OR into AND.
CNS_distance_restraints_1:657	657	1	A	36	CZ2	B	12	CG1	10.125837			1.34800615	6	1662;1663;1664;1665;1666;1667	A:52:TRP:HZ2 -- B:176:VAL:HG*	The original restraint is a disjunction whose alternatives map to multiple distinct heavy-atom pairs. Emitting all pairs would convert OR into AND.
CNS_distance_restraints_1:657	657	2	A	36	CZ2	B	12	CG2	10.125837			1.34800615	6	1662;1663;1664;1665;1666;1667	A:52:TRP:HZ2 -- B:176:VAL:HG*	The original restraint is a disjunction whose alternatives map to multiple distinct heavy-atom pairs. Emitting all pairs would convert OR into AND.
CNS_distance_restraints_1:660	660	1	A	36	CH2	B	12	CG1	10.125837			1.34800615	6	1670;1671;1672;1673;1674;1675	A:52:TRP:HH2 -- B:176:VAL:HG*	The original restraint is a disjunction whose alternatives map to multiple distinct heavy-atom pairs. Emitting all pairs would convert OR into AND.
CNS_distance_restraints_1:660	660	2	A	36	CH2	B	12	CG2	10.125837			1.34800615	6	1670;1671;1672;1673;1674;1675	A:52:TRP:HH2 -- B:176:VAL:HG*	The original restraint is a disjunction whose alternatives map to multiple distinct heavy-atom pairs. Emitting all pairs would convert OR into AND.
CNS_distance_restraints_1:678	678	1	A	47	CD1	B	19	CA	18.752077			2.11693286	90	1841;1842;1843;1844;1845;1846;1847;1848;1849;1850;1851;1852;1853;1854;1855;1856;1857;1858;1859;1860;1861;1862;1863;1864;1865;1866;1867;1868;1869;1870;1871;1872;1873;1874;1875;1876;1877;1878;1879;1880;1881;1882;1883;1884;1885;1886;1887;1888;1889;1890;1891;1892;1893;1894;1895;1896;1897;1898;1899;1900;1901;1902;1903;1904;1905;1906	A:63:LEU:HD* -- B:183:ILE:H*	The original restraint is a disjunction whose alternatives map to multiple distinct heavy-atom pairs. Emitting all pairs would convert OR into AND.
CNS_distance_restraints_1:678	678	2	A	47	CD1	B	19	CB	18.752077			2.11693286	90	1841;1842;1843;1844;1845;1846;1847;1848;1849;1850;1851;1852;1853;1854;1855;1856;1857;1858;1859;1860;1861;1862;1863;1864;1865;1866;1867;1868;1869;1870;1871;1872;1873;1874;1875;1876;1877;1878;1879;1880;1881;1882;1883;1884;1885;1886;1887;1888;1889;1890;1891;1892;1893;1894;1895;1896;1897;1898;1899;1900;1901;1902;1903;1904;1905;1906	A:63:LEU:HD* -- B:183:ILE:H*	The original restraint is a disjunction whose alternatives map to multiple distinct heavy-atom pairs. Emitting all pairs would convert OR into AND.
CNS_distance_restraints_1:678	678	3	A	47	CD1	B	19	CD1	18.752077			2.11693286	90	1841;1842;1843;1844;1845;1846;1847;1848;1849;1850;1851;1852;1853;1854;1855;1856;1857;1858;1859;1860;1861;1862;1863;1864;1865;1866;1867;1868;1869;1870;1871;1872;1873;1874;1875;1876;1877;1878;1879;1880;1881;1882;1883;1884;1885;1886;1887;1888;1889;1890;1891;1892;1893;1894;1895;1896;1897;1898;1899;1900;1901;1902;1903;1904;1905;1906	A:63:LEU:HD* -- B:183:ILE:H*	The original restraint is a disjunction whose alternatives map to multiple distinct heavy-atom pairs. Emitting all pairs would convert OR into AND.
CNS_distance_restraints_1:678	678	4	A	47	CD1	B	19	CG1	18.752077			2.11693286	90	1841;1842;1843;1844;1845;1846;1847;1848;1849;1850;1851;1852;1853;1854;1855;1856;1857;1858;1859;1860;1861;1862;1863;1864;1865;1866;1867;1868;1869;1870;1871;1872;1873;1874;1875;1876;1877;1878;1879;1880;1881;1882;1883;1884;1885;1886;1887;1888;1889;1890;1891;1892;1893;1894;1895;1896;1897;1898;1899;1900;1901;1902;1903;1904;1905;1906	A:63:LEU:HD* -- B:183:ILE:H*	The original restraint is a disjunction whose alternatives map to multiple distinct heavy-atom pairs. Emitting all pairs would convert OR into AND.
CNS_distance_restraints_1:678	678	5	A	47	CD1	B	19	CG2	18.752077			2.11693286	90	1841;1842;1843;1844;1845;1846;1847;1848;1849;1850;1851;1852;1853;1854;1855;1856;1857;1858;1859;1860;1861;1862;1863;1864;1865;1866;1867;1868;1869;1870;1871;1872;1873;1874;1875;1876;1877;1878;1879;1880;1881;1882;1883;1884;1885;1886;1887;1888;1889;1890;1891;1892;1893;1894;1895;1896;1897;1898;1899;1900;1901;1902;1903;1904;1905;1906	A:63:LEU:HD* -- B:183:ILE:H*	The original restraint is a disjunction whose alternatives map to multiple distinct heavy-atom pairs. Emitting all pairs would convert OR into AND.
CNS_distance_restraints_1:678	678	6	A	47	CD1	B	19	N	18.712077			2.11693286	90	1841;1842;1843;1844;1845;1846;1847;1848;1849;1850;1851;1852;1853;1854;1855;1856;1857;1858;1859;1860;1861;1862;1863;1864;1865;1866;1867;1868;1869;1870;1871;1872;1873;1874;1875;1876;1877;1878;1879;1880;1881;1882;1883;1884;1885;1886;1887;1888;1889;1890;1891;1892;1893;1894;1895;1896;1897;1898;1899;1900;1901;1902;1903;1904;1905;1906	A:63:LEU:HD* -- B:183:ILE:H*	The original restraint is a disjunction whose alternatives map to multiple distinct heavy-atom pairs. Emitting all pairs would convert OR into AND.
CNS_distance_restraints_1:678	678	7	A	47	CD1	B	19	OXT	18.652077			2.11693286	90	1841;1842;1843;1844;1845;1846;1847;1848;1849;1850;1851;1852;1853;1854;1855;1856;1857;1858;1859;1860;1861;1862;1863;1864;1865;1866;1867;1868;1869;1870;1871;1872;1873;1874;1875;1876;1877;1878;1879;1880;1881;1882;1883;1884;1885;1886;1887;1888;1889;1890;1891;1892;1893;1894;1895;1896;1897;1898;1899;1900;1901;1902;1903;1904;1905;1906	A:63:LEU:HD* -- B:183:ILE:H*	The original restraint is a disjunction whose alternatives map to multiple distinct heavy-atom pairs. Emitting all pairs would convert OR into AND.
CNS_distance_restraints_1:678	678	8	A	47	CD2	B	19	CA	18.752077			2.11693286	90	1841;1842;1843;1844;1845;1846;1847;1848;1849;1850;1851;1852;1853;1854;1855;1856;1857;1858;1859;1860;1861;1862;1863;1864;1865;1866;1867;1868;1869;1870;1871;1872;1873;1874;1875;1876;1877;1878;1879;1880;1881;1882;1883;1884;1885;1886;1887;1888;1889;1890;1891;1892;1893;1894;1895;1896;1897;1898;1899;1900;1901;1902;1903;1904;1905;1906	A:63:LEU:HD* -- B:183:ILE:H*	The original restraint is a disjunction whose alternatives map to multiple distinct heavy-atom pairs. Emitting all pairs would convert OR into AND.
CNS_distance_restraints_1:678	678	9	A	47	CD2	B	19	CB	18.752077			2.11693286	90	1841;1842;1843;1844;1845;1846;1847;1848;1849;1850;1851;1852;1853;1854;1855;1856;1857;1858;1859;1860;1861;1862;1863;1864;1865;1866;1867;1868;1869;1870;1871;1872;1873;1874;1875;1876;1877;1878;1879;1880;1881;1882;1883;1884;1885;1886;1887;1888;1889;1890;1891;1892;1893;1894;1895;1896;1897;1898;1899;1900;1901;1902;1903;1904;1905;1906	A:63:LEU:HD* -- B:183:ILE:H*	The original restraint is a disjunction whose alternatives map to multiple distinct heavy-atom pairs. Emitting all pairs would convert OR into AND.
CNS_distance_restraints_1:678	678	10	A	47	CD2	B	19	CD1	18.752077			2.11693286	90	1841;1842;1843;1844;1845;1846;1847;1848;1849;1850;1851;1852;1853;1854;1855;1856;1857;1858;1859;1860;1861;1862;1863;1864;1865;1866;1867;1868;1869;1870;1871;1872;1873;1874;1875;1876;1877;1878;1879;1880;1881;1882;1883;1884;1885;1886;1887;1888;1889;1890;1891;1892;1893;1894;1895;1896;1897;1898;1899;1900;1901;1902;1903;1904;1905;1906	A:63:LEU:HD* -- B:183:ILE:H*	The original restraint is a disjunction whose alternatives map to multiple distinct heavy-atom pairs. Emitting all pairs would convert OR into AND.
CNS_distance_restraints_1:678	678	11	A	47	CD2	B	19	CG1	18.752077			2.11693286	90	1841;1842;1843;1844;1845;1846;1847;1848;1849;1850;1851;1852;1853;1854;1855;1856;1857;1858;1859;1860;1861;1862;1863;1864;1865;1866;1867;1868;1869;1870;1871;1872;1873;1874;1875;1876;1877;1878;1879;1880;1881;1882;1883;1884;1885;1886;1887;1888;1889;1890;1891;1892;1893;1894;1895;1896;1897;1898;1899;1900;1901;1902;1903;1904;1905;1906	A:63:LEU:HD* -- B:183:ILE:H*	The original restraint is a disjunction whose alternatives map to multiple distinct heavy-atom pairs. Emitting all pairs would convert OR into AND.
CNS_distance_restraints_1:678	678	12	A	47	CD2	B	19	CG2	18.752077			2.11693286	90	1841;1842;1843;1844;1845;1846;1847;1848;1849;1850;1851;1852;1853;1854;1855;1856;1857;1858;1859;1860;1861;1862;1863;1864;1865;1866;1867;1868;1869;1870;1871;1872;1873;1874;1875;1876;1877;1878;1879;1880;1881;1882;1883;1884;1885;1886;1887;1888;1889;1890;1891;1892;1893;1894;1895;1896;1897;1898;1899;1900;1901;1902;1903;1904;1905;1906	A:63:LEU:HD* -- B:183:ILE:H*	The original restraint is a disjunction whose alternatives map to multiple distinct heavy-atom pairs. Emitting all pairs would convert OR into AND.
CNS_distance_restraints_1:678	678	13	A	47	CD2	B	19	N	18.712077			2.11693286	90	1841;1842;1843;1844;1845;1846;1847;1848;1849;1850;1851;1852;1853;1854;1855;1856;1857;1858;1859;1860;1861;1862;1863;1864;1865;1866;1867;1868;1869;1870;1871;1872;1873;1874;1875;1876;1877;1878;1879;1880;1881;1882;1883;1884;1885;1886;1887;1888;1889;1890;1891;1892;1893;1894;1895;1896;1897;1898;1899;1900;1901;1902;1903;1904;1905;1906	A:63:LEU:HD* -- B:183:ILE:H*	The original restraint is a disjunction whose alternatives map to multiple distinct heavy-atom pairs. Emitting all pairs would convert OR into AND.
CNS_distance_restraints_1:678	678	14	A	47	CD2	B	19	OXT	18.652077			2.11693286	90	1841;1842;1843;1844;1845;1846;1847;1848;1849;1850;1851;1852;1853;1854;1855;1856;1857;1858;1859;1860;1861;1862;1863;1864;1865;1866;1867;1868;1869;1870;1871;1872;1873;1874;1875;1876;1877;1878;1879;1880;1881;1882;1883;1884;1885;1886;1887;1888;1889;1890;1891;1892;1893;1894;1895;1896;1897;1898;1899;1900;1901;1902;1903;1904;1905;1906	A:63:LEU:HD* -- B:183:ILE:H*	The original restraint is a disjunction whose alternatives map to multiple distinct heavy-atom pairs. Emitting all pairs would convert OR into AND.
CNS_distance_restraints_1:679	679	1	A	17	OE1	B	15	NZ	6.337225			1.34800615	6	1907;1908;1909;1910;1911;1912	A:33:GLU:OE* -- B:179:LYS:HZ*	The original restraint is a disjunction whose alternatives map to multiple distinct heavy-atom pairs. Emitting all pairs would convert OR into AND.
CNS_distance_restraints_1:679	679	2	A	17	OE2	B	15	NZ	6.337225			1.34800615	6	1907;1908;1909;1910;1911;1912	A:33:GLU:OE* -- B:179:LYS:HZ*	The original restraint is a disjunction whose alternatives map to multiple distinct heavy-atom pairs. Emitting all pairs would convert OR into AND.
